Workbook

Sheet Eigenvalue varimax
B1: Component 1 - Early birds/crazy about boats/ experts
A2: 9 | B2: =+VLOOKUP(A2,List!$A$1:$B$29,2,FALSE) -> I see my boat as status symbol
A3: 26 | B3: =+VLOOKUP(A3,List!$A$1:$B$29,2,FALSE) -> Having a powerful boat is what is most important to me
A4: 3 | B4: =+VLOOKUP(A4,List!$A$1:$B$29,2,FALSE) -> The brand of the boat I buy says a lot about who I am
A5: 13 | B5: =+VLOOKUP(A5,List!$A$1:$B$29,2,FALSE) -> When buying a boat, I tend to buy the latest and greatest
A6: 27 | B6: =+VLOOKUP(A6,List!$A$1:$B$29,2,FALSE) -> Boating is the number one thing I do with my spare time
A7: 28 | B7: =+VLOOKUP(A7,List!$A$1:$B$29,2,FALSE) -> Boating is my true passion in life
A8: 14 | B8: =+VLOOKUP(A8,List!$A$1:$B$29,2,FALSE) -> When buying accessories for my boat, I tend to buy the latest and greatest
A9: 16 | B9: =+VLOOKUP(A9,List!$A$1:$B$29,2,FALSE) -> People tend to come to me for advice about boating
A10: 7 | B10: =+VLOOKUP(A10,List!$A$1:$B$29,2,FALSE) -> Owning a boat gives me a sense of achievement
A11: 17 | B11: =+VLOOKUP(A11,List!$A$1:$B$29,2,FALSE) -> I consider myself more knowledgeable about boating than the rest of my boating peers
A12: 20 | B12: =+VLOOKUP(A12,List!$A$1:$B$29,2,FALSE) -> When not on my boat, I often find myself doing boating related activities
B15: Component 2 - Getting away with boat
A16: 7 | B16: =+VLOOKUP(A16,List!$A$1:$B$29,2,FALSE) -> Owning a boat gives me a sense of achievement
A17: 6 | B17: =+VLOOKUP(A17,List!$A$1:$B$29,2,FALSE) -> Owning a boat is a way of rewarding myself for hard work
A18: 22 | B18: =+VLOOKUP(A18,List!$A$1:$B$29,2,FALSE) -> Boating helps me stay active
A19: 18 | B19: =+VLOOKUP(A19,List!$A$1:$B$29,2,FALSE) -> Boating gives me a feeling of adventure
A20: 24 | B20: =+VLOOKUP(A20,List!$A$1:$B$29,2,FALSE) -> Boating gives me an outlet to socialize with family/friends
A21: 21 | B21: =+VLOOKUP(A21,List!$A$1:$B$29,2,FALSE) -> Boating helps me escape from everyday life and relax
A22: 19 | B22: =+VLOOKUP(A22,List!$A$1:$B$29,2,FALSE) -> Boating allows me to experience nature
B25: Component 3 - brand lovers
A26: 5 | B26: =+VLOOKUP(A26,List!$A$1:$B$29,2,FALSE) -> I am willing to pay a premium for a brand with a reputation for high quality
A27: 15 | B27: =+VLOOKUP(A27,List!$A$1:$B$29,2,FALSE) -> I am serious about the technology on my boat
A28: 4 | B28: =+VLOOKUP(A28,List!$A$1:$B$29,2,FALSE) -> I only consider buying a boat from a reputable brand
B31: Component 4 - Experts
A32: 16 | B32: =+VLOOKUP(A32,List!$A$1:$B$29,2,FALSE) -> People tend to come to me for advice about boating
A33: 17 | B33: =+VLOOKUP(A33,List!$A$1:$B$29,2,FALSE) -> I consider myself more knowledgeable about boating than the rest of my boating peers
A34: 11 | B34: =+VLOOKUP(A34,List!$A$1:$B$29,2,FALSE) -> I tend to perform minor boat repairs and maintenance on my own
B37: Component 5 - Price conscious
A38: 2 | B38: =+VLOOKUP(A38,List!$A$1:$B$29,2,FALSE) -> When buying a bot, getting the lowest P is more important than brand
A39: 12 | B39: =+VLOOKUP(A39,List!$A$1:$B$29,2,FALSE) -> When it comes to boating, I tend to prefer a basic boat with little to no frills
A40: 8 | B40: =+VLOOKUP(A40,List!$A$1:$B$29,2,FALSE) -> When buying a boat, functionality is more important than style

Sheet Eigenvalue quatimax
B1: Component 1 -
A2: 28 | B2: =+VLOOKUP(A2,List!$A$1:$B$29,2,FALSE) -> Boating is my true passion in life
A3: 14 | B3: =+VLOOKUP(A3,List!$A$1:$B$29,2,FALSE) -> When buying accessories for my boat, I tend to buy the latest and greatest
A4: 20 | B4: =+VLOOKUP(A4,List!$A$1:$B$29,2,FALSE) -> When not on my boat, I often find myself doing boating related activities
A5: 27 | B5: =+VLOOKUP(A5,List!$A$1:$B$29,2,FALSE) -> Boating is the number one thing I do with my spare time
A6: 3 | B6: =+VLOOKUP(A6,List!$A$1:$B$29,2,FALSE) -> The brand of the boat I buy says a lot about who I am
A7: 7 | B7: =+VLOOKUP(A7,List!$A$1:$B$29,2,FALSE) -> Owning a boat gives me a sense of achievement
A8: 15 | B8: =+VLOOKUP(A8,List!$A$1:$B$29,2,FALSE) -> I am serious about the technology on my boat
A9: 16 | B9: =+VLOOKUP(A9,List!$A$1:$B$29,2,FALSE) -> People tend to come to me for advice about boating
A10: 13 | B10: =+VLOOKUP(A10,List!$A$1:$B$29,2,FALSE) -> When buying a boat, I tend to buy the latest and greatest
A11: 25 | B11: =+VLOOKUP(A11,List!$A$1:$B$29,2,FALSE) -> Being in charge of my boat is what is most important to me
A12: 6 | B12: =+VLOOKUP(A12,List!$A$1:$B$29,2,FALSE) -> Owning a boat is a way of rewarding myself for hard work
A13: 26 | B13: =+VLOOKUP(A13,List!$A$1:$B$29,2,FALSE) -> Having a powerful boat is what is most important to me
... A19: 18 | B19: =+VLOOKUP(A19,List!$A$1:$B$29,2,FALSE) -> Boating gives me a feeling of adventure
B22: Component 2 - Getting away with boat
A23: 21 | B23: =+VLOOKUP(A23,List!$A$1:$B$29,2,FALSE) -> Boating helps me escape from everyday life and relax
A24: 19 | B24: =+VLOOKUP(A24,List!$A$1:$B$29,2,FALSE) -> Boating allows me to experience nature
B27: Component 3 - price conscious
A28: 8 | B28: =+VLOOKUP(A28,List!$A$1:$B$29,2,FALSE) -> When buying a boat, functionality is more important than style
A29: 2 | B29: =+VLOOKUP(A29,List!$A$1:$B$29,2,FALSE) -> When buying a bot, getting the lowest P is more important than brand
A30: 12 | B30: =+VLOOKUP(A30,List!$A$1:$B$29,2,FALSE) -> When it comes to boating, I tend to prefer a basic boat with little to no frills
B33: Component 4 -
A34: 11 | B34: =+VLOOKUP(A34,List!$A$1:$B$29,2,FALSE) -> I tend to perform minor boat repairs and maintenance on my own
A35: 10 | B35: =+VLOOKUP(A35,List!$A$1:$B$29,2,FALSE) -> When buying a boat, I rely more on expert opinion than my own

Sheet Eigenvalue proxmax
B1: Component 1 -
A2: 9 | B2: =+VLOOKUP(A2,List!$A$1:$B$29,2,FALSE) -> I see my boat as status symbol
A3: 26 | B3: =+VLOOKUP(A3,List!$A$1:$B$29,2,FALSE) -> Having a powerful boat is what is most important to me
A4: 3 | B4: =+VLOOKUP(A4,List!$A$1:$B$29,2,FALSE) -> The brand of the boat I buy says a lot about who I am
A5: 13 | B5: =+VLOOKUP(A5,List!$A$1:$B$29,2,FALSE) -> When buying a boat, I tend to buy the latest and greatest
A6: 27 | B6: =+VLOOKUP(A6,List!$A$1:$B$29,2,FALSE) -> Boating is the number one thing I do with my spare time
A7: 14 | B7: =+VLOOKUP(A7,List!$A$1:$B$29,2,FALSE) -> When buying accessories for my boat, I tend to buy the latest and greatest
A8: 28 | B8: =+VLOOKUP(A8,List!$A$1:$B$29,2,FALSE) -> Boating is my true passion in life
A9: 7 | B9: =+VLOOKUP(A9,List!$A$1:$B$29,2,FALSE) -> Owning a boat gives me a sense of achievement
B12: Component 2 - Getting away with boat
A13: 7 | B13: =+VLOOKUP(A13,List!$A$1:$B$29,2,FALSE) -> Owning a boat gives me a sense of achievement
A14: 6 | B14: =+VLOOKUP(A14,List!$A$1:$B$29,2,FALSE) -> Owning a boat is a way of rewarding myself for hard work
A15: 22 | B15: =+VLOOKUP(A15,List!$A$1:$B$29,2,FALSE) -> Boating helps me stay active
A16: 24 | B16: =+VLOOKUP(A16,List!$A$1:$B$29,2,FALSE) -> Boating gives me an outlet to socialize with family/friends
A17: 18 | B17: =+VLOOKUP(A17,List!$A$1:$B$29,2,FALSE) -> Boating gives me a feeling of adventure
A18: 21 | B18: =+VLOOKUP(A18,List!$A$1:$B$29,2,FALSE) -> Boating helps me escape from everyday life and relax
A19: 19 | B19: =+VLOOKUP(A19,List!$A$1:$B$29,2,FALSE) -> Boating allows me to experience nature
B22: Component 3 -
A23: 16 | B23: =+VLOOKUP(A23,List!$A$1:$B$29,2,FALSE) -> People tend to come to me for advice about boating
A24: 17 | B24: =+VLOOKUP(A24,List!$A$1:$B$29,2,FALSE) -> I consider myself more knowledgeable about boating than the rest of my boating peers
A25: 10 | B25: =+VLOOKUP(A25,List!$A$1:$B$29,2,FALSE) -> When buying a boat, I rely more on expert opinion than my own
A26: 11 | B26: =+VLOOKUP(A26,List!$A$1:$B$29,2,FALSE) -> I tend to perform minor boat repairs and maintenance on my own
B30: Component 4 - Brand/Quality
A31: 5 | B31: =+VLOOKUP(A31,List!$A$1:$B$29,2,FALSE) -> I am willing to pay a premium for a brand with a reputation for high quality
A32: 4 | B32: =+VLOOKUP(A32,List!$A$1:$B$29,2,FALSE) -> I only consider buying a boat from a reputable brand
B35: Component 5 - Price conscious
A36: 2 | B36: =+VLOOKUP(A36,List!$A$1:$B$29,2,FALSE) -> When buying a bot, getting the lowest P is more important than brand
A37: 10 | B37: =+VLOOKUP(A37,List!$A$1:$B$29,2,FALSE) -> When buying a boat, I rely more on expert opinion than my own
A38: 12 | B38: =+VLOOKUP(A38,List!$A$1:$B$29,2,FALSE) -> When it comes to boating, I tend to prefer a basic boat with little to no frills
A39: 8 | B39: =+VLOOKUP(A39,List!$A$1:$B$29,2,FALSE) -> When buying a boat, functionality is more important than style

Sheet Eigenvalue oblimin
B1: Component 1 - Getting away with boat
A2: 21 | B2: =+VLOOKUP(A2,List!$A$1:$B$29,2,FALSE) -> Boating helps me escape from everyday life and relax
A3: 18 | B3: =+VLOOKUP(A3,List!$A$1:$B$29,2,FALSE) -> Boating gives me a feeling of adventure
A4: 19 | B4: =+VLOOKUP(A4,List!$A$1:$B$29,2,FALSE) -> Boating allows me to experience nature
A5: 6 | B5: =+VLOOKUP(A5,List!$A$1:$B$29,2,FALSE) -> Owning a boat is a way of rewarding myself for hard work
A6: 24 | B6: =+VLOOKUP(A6,List!$A$1:$B$29,2,FALSE) -> Boating gives me an outlet to socialize with family/friends
A7: 22 | B7: =+VLOOKUP(A7,List!$A$1:$B$29,2,FALSE) -> Boating helps me stay active
A8: 7 | B8: =+VLOOKUP(A8,List!$A$1:$B$29,2,FALSE) -> Owning a boat gives me a sense of achievement
B11: Component 2 - Expert
A12: 11 | B12: =+VLOOKUP(A12,List!$A$1:$B$29,2,FALSE) -> I tend to perform minor boat repairs and maintenance on my own
A13: 16 | B13: =+VLOOKUP(A13,List!$A$1:$B$29,2,FALSE) -> People tend to come to me for advice about boating
A14: 17 | B14: =+VLOOKUP(A14,List!$A$1:$B$29,2,FALSE) -> I consider myself more knowledgeable about boating than the rest of my boating peers
B17: Component 3 - High quality + brand
A18: 15 | B18: =+VLOOKUP(A18,List!$A$1:$B$29,2,FALSE) -> I am serious about the technology on my boat
A19: 4 | B19: =+VLOOKUP(A19,List!$A$1:$B$29,2,FALSE) -> I only consider buying a boat from a reputable brand
A20: 5 | B20: =+VLOOKUP(A20,List!$A$1:$B$29,2,FALSE) -> I am willing to pay a premium for a brand with a reputation for high quality
A21: 14 | B21: =+VLOOKUP(A21,List!$A$1:$B$29,2,FALSE) -> When buying accessories for my boat, I tend to buy the latest and greatest
A22: 13 | B22: =+VLOOKUP(A22,List!$A$1:$B$29,2,FALSE) -> When buying a boat, I tend to buy the latest and greatest
B25: Component 4 - Status
A26: 3 | B26: =+VLOOKUP(A26,List!$A$1:$B$29,2,FALSE) -> The brand of the boat I buy says a lot about who I am
A27: 9 | B27: =+VLOOKUP(A27,List!$A$1:$B$29,2,FALSE) -> I see my boat as status symbol
A28: 26 | B28: =+VLOOKUP(A28,List!$A$1:$B$29,2,FALSE) -> Having a powerful boat is what is most important to me
B31: Component 5 - Price conscious
A32: 10 | B32: =+VLOOKUP(A32,List!$A$1:$B$29,2,FALSE) -> When buying a boat, I rely more on expert opinion than my own
A33: 8 | B33: =+VLOOKUP(A33,List!$A$1:$B$29,2,FALSE) -> When buying a boat, functionality is more important than style
A34: 2 | B34: =+VLOOKUP(A34,List!$A$1:$B$29,2,FALSE) -> When buying a bot, getting the lowest P is more important than brand
A35: 12 | B35: =+VLOOKUP(A35,List!$A$1:$B$29,2,FALSE) -> When it comes to boating, I tend to prefer a basic boat with little to no frills

Sheet Eigenvalue simplimax
B1: Component 1 -
A2: 28 | B2: =+VLOOKUP(A2,List!$A$1:$B$29,2,FALSE) -> Boating is my true passion in life
A3: 27 | B3: =+VLOOKUP(A3,List!$A$1:$B$29,2,FALSE) -> Boating is the number one thing I do with my spare time
A4: 20 | B4: =+VLOOKUP(A4,List!$A$1:$B$29,2,FALSE) -> When not on my boat, I often find myself doing boating related activities
A5: 3 | B5: =+VLOOKUP(A5,List!$A$1:$B$29,2,FALSE) -> The brand of the boat I buy says a lot about who I am
A6: 16 | B6: =+VLOOKUP(A6,List!$A$1:$B$29,2,FALSE) -> People tend to come to me for advice about boating
A7: 7 | B7: =+VLOOKUP(A7,List!$A$1:$B$29,2,FALSE) -> Owning a boat gives me a sense of achievement
A8: 9 | B8: =+VLOOKUP(A8,List!$A$1:$B$29,2,FALSE) -> I see my boat as status symbol
A9: 14 | B9: =+VLOOKUP(A9,List!$A$1:$B$29,2,FALSE) -> When buying accessories for my boat, I tend to buy the latest and greatest
A10: 26 | B10: =+VLOOKUP(A10,List!$A$1:$B$29,2,FALSE) -> Having a powerful boat is what is most important to me
A11: 13 | B11: =+VLOOKUP(A11,List!$A$1:$B$29,2,FALSE) -> When buying a boat, I tend to buy the latest and greatest
A12: 17 | B12: =+VLOOKUP(A12,List!$A$1:$B$29,2,FALSE) -> I consider myself more knowledgeable about boating than the rest of my boating peers
A13: 15 | B13: =+VLOOKUP(A13,List!$A$1:$B$29,2,FALSE) -> I am serious about the technology on my boat
... A19: 18 | B19: =+VLOOKUP(A19,List!$A$1:$B$29,2,FALSE) -> Boating gives me a feeling of adventure
B22: Component 2 - Getting away with boat
A23: 18 | B23: =+VLOOKUP(A23,List!$A$1:$B$29,2,FALSE) -> Boating gives me a feeling of adventure
A24: 21 | B24: =+VLOOKUP(A24,List!$A$1:$B$29,2,FALSE) -> Boating helps me escape from everyday life and relax
A25: 19 | B25: =+VLOOKUP(A25,List!$A$1:$B$29,2,FALSE) -> Boating allows me to experience nature
B28: Component 3 - price conscious
A29: 2 | B29: =+VLOOKUP(A29,List!$A$1:$B$29,2,FALSE) -> When buying a bot, getting the lowest P is more important than brand
A30: 12 | B30: =+VLOOKUP(A30,List!$A$1:$B$29,2,FALSE) -> When it comes to boating, I tend to prefer a basic boat with little to no frills
B33: Component 4 -
A34: 10 | B34: =+VLOOKUP(A34,List!$A$1:$B$29,2,FALSE) -> When buying a boat, I rely more on expert opinion than my own
B36: Component 5 -
A37: 4 | B37: =+VLOOKUP(A37,List!$A$1:$B$29,2,FALSE) -> I only consider buying a boat from a reputable brand

Sheet Eigenvalue cluster
B1: Component 1 -
A2: 9 | B2: =+VLOOKUP(A2,List!$A$1:$B$29,2,FALSE) -> I see my boat as status symbol
A3: 26 | B3: =+VLOOKUP(A3,List!$A$1:$B$29,2,FALSE) -> Having a powerful boat is what is most important to me
A4: 16 | B4: =+VLOOKUP(A4,List!$A$1:$B$29,2,FALSE) -> People tend to come to me for advice about boating
A5: 27 | B5: =+VLOOKUP(A5,List!$A$1:$B$29,2,FALSE) -> Boating is the number one thing I do with my spare time
A6: 3 | B6: =+VLOOKUP(A6,List!$A$1:$B$29,2,FALSE) -> The brand of the boat I buy says a lot about who I am
A7: 17 | B7: =+VLOOKUP(A7,List!$A$1:$B$29,2,FALSE) -> I consider myself more knowledgeable about boating than the rest of my boating peers
A8: 28 | B8: =+VLOOKUP(A8,List!$A$1:$B$29,2,FALSE) -> Boating is my true passion in life
A9: 13 | B9: =+VLOOKUP(A9,List!$A$1:$B$29,2,FALSE) -> When buying a boat, I tend to buy the latest and greatest
A10: 20 | B10: =+VLOOKUP(A10,List!$A$1:$B$29,2,FALSE) -> When not on my boat, I often find myself doing boating related activities
A11: 14 | B11: =+VLOOKUP(A11,List!$A$1:$B$29,2,FALSE) -> When buying accessories for my boat, I tend to buy the latest and greatest
A12: 7 | B12: =+VLOOKUP(A12,List!$A$1:$B$29,2,FALSE) -> Owning a boat gives me a sense of achievement
B15: Component 2 - Getting away with boat
A16: 6 | B16: =+VLOOKUP(A16,List!$A$1:$B$29,2,FALSE) -> Owning a boat is a way of rewarding myself for hard work
A17: 22 | B17: =+VLOOKUP(A17,List!$A$1:$B$29,2,FALSE) -> Boating helps me stay active
A18: 18 | B18: =+VLOOKUP(A18,List!$A$1:$B$29,2,FALSE) -> Boating gives me a feeling of adventure
A19: 24 | B19: =+VLOOKUP(A19,List!$A$1:$B$29,2,FALSE) -> Boating gives me an outlet to socialize with family/friends
A20: 21 | B20: =+VLOOKUP(A20,List!$A$1:$B$29,2,FALSE) -> Boating helps me escape from everyday life and relax
A21: 19 | B21: =+VLOOKUP(A21,List!$A$1:$B$29,2,FALSE) -> Boating allows me to experience nature
B24: Component 3 - Brand
A25: 5 | B25: =+VLOOKUP(A25,List!$A$1:$B$29,2,FALSE) -> I am willing to pay a premium for a brand with a reputation for high quality
A26: 4 | B26: =+VLOOKUP(A26,List!$A$1:$B$29,2,FALSE) -> I only consider buying a boat from a reputable brand
B29: Component 4 - Price conscious
A30: 2 | B30: =+VLOOKUP(A30,List!$A$1:$B$29,2,FALSE) -> When buying a bot, getting the lowest P is more important than brand
A31: 12 | B31: =+VLOOKUP(A31,List!$A$1:$B$29,2,FALSE) -> When it comes to boating, I tend to prefer a basic boat with little to no frills
A32: 8 | B32: =+VLOOKUP(A32,List!$A$1:$B$29,2,FALSE) -> When buying a boat, functionality is more important than style
B35: Component 5 - Expertise
A36: 11 | B36: =+VLOOKUP(A36,List!$A$1:$B$29,2,FALSE) -> I tend to perform minor boat repairs and maintenance on my own
A37: 10 | B37: =+VLOOKUP(A37,List!$A$1:$B$29,2,FALSE) -> When buying a boat, I rely more on expert opinion than my own

Sheet Eigenvalue none
B1: Component 1 -
A2: 28 | B2: =+VLOOKUP(A2,List!$A$1:$B$29,2,FALSE) -> Boating is my true passion in life
A3: 14 | B3: =+VLOOKUP(A3,List!$A$1:$B$29,2,FALSE) -> When buying accessories for my boat, I tend to buy the latest and greatest
A4: 20 | B4: =+VLOOKUP(A4,List!$A$1:$B$29,2,FALSE) -> When not on my boat, I often find myself doing boating related activities
A5: 27 | B5: =+VLOOKUP(A5,List!$A$1:$B$29,2,FALSE) -> Boating is the number one thing I do with my spare time
A6: 3 | B6: =+VLOOKUP(A6,List!$A$1:$B$29,2,FALSE) -> The brand of the boat I buy says a lot about who I am
A7: 7 | B7: =+VLOOKUP(A7,List!$A$1:$B$29,2,FALSE) -> Owning a boat gives me a sense of achievement
A8: 15 | B8: =+VLOOKUP(A8,List!$A$1:$B$29,2,FALSE) -> I am serious about the technology on my boat
A9: 16 | B9: =+VLOOKUP(A9,List!$A$1:$B$29,2,FALSE) -> People tend to come to me for advice about boating
A10: 13 | B10: =+VLOOKUP(A10,List!$A$1:$B$29,2,FALSE) -> When buying a boat, I tend to buy the latest and greatest
A11: 25 | B11: =+VLOOKUP(A11,List!$A$1:$B$29,2,FALSE) -> Being in charge of my boat is what is most important to me
A12: 6 | B12: =+VLOOKUP(A12,List!$A$1:$B$29,2,FALSE) -> Owning a boat is a way of rewarding myself for hard work
A13: 26 | B13: =+VLOOKUP(A13,List!$A$1:$B$29,2,FALSE) -> Having a powerful boat is what is most important to me
... A19: 18 | B19: =+VLOOKUP(A19,List!$A$1:$B$29,2,FALSE) -> Boating gives me a feeling of adventure
B22: Component 2 - Getting away with boat
A23: 21 | B23: =+VLOOKUP(A23,List!$A$1:$B$29,2,FALSE) -> Boating helps me escape from everyday life and relax
A24: 19 | B24: =+VLOOKUP(A24,List!$A$1:$B$29,2,FALSE) -> Boating allows me to experience nature
B27: Component 3 - Price conscious
A28: 8 | B28: =+VLOOKUP(A28,List!$A$1:$B$29,2,FALSE) -> When buying a boat, functionality is more important than style
A29: 2 | B29: =+VLOOKUP(A29,List!$A$1:$B$29,2,FALSE) -> When buying a bot, getting the lowest P is more important than brand
A30: 13 | B30: =+VLOOKUP(A30,List!$A$1:$B$29,2,FALSE) -> When buying a boat, I tend to buy the latest and greatest
B33: Component 4 - Expertise
A34: 11 | B34: =+VLOOKUP(A34,List!$A$1:$B$29,2,FALSE) -> I tend to perform minor boat repairs and maintenance on my own
A35: 10 | B35: =+VLOOKUP(A35,List!$A$1:$B$29,2,FALSE) -> When buying a boat, I rely more on expert opinion than my own

Sheet Sheet2
A3: METHOD | B3: QUESTION | C3: Sum of RANKComp.1 | D3: Sum of RANKComp.2 | E3: Sum of RANKComp.3 | F3: Sum of RANKComp.4 | G3: Sum of RANKComp.5 | H3: Sum of RANKComp.6 | I3: Sum of RANKComp.7 | J3: Sum of RANKComp.8 | K3: Sum of RANKComp.9 | L3: Sum of RANKComp.10 | M3: Sum of RANKComp.11 | N3: Sum of RANKComp.12
A4: VARIANCE - VARIMAX - 70% | B4: 1 | C4: 0 | D4: 0 | E4: 0 | F4: 0 | G4: 0 | H4: 0 | I4: 0 | J4: 0 | K4: 0 | L4: 1 | M4: 0 | N4: 0
A5: VARIANCE - VARIMAX - 70% | B5: 2 | C5: 0 | D5: 0 | E5: 0 | F5: 0 | G5: 2 | H5: 0 | I5: 0 | J5: 0 | K5: 0 | L5: 0 | M5: 0 | N5: 0
A6: VARIANCE - VARIMAX - 70% | B6: 3 | C6: 0 | D6: 0 | E6: 0 | F6: 1 | G6: 0 | H6: 0 | I6: 0 | J6: 0 | K6: 0 | L6: 0 | M6: 0 | N6: 0
A7: VARIANCE - VARIMAX - 70% | B7: 4 | C7: 0 | D7: 0 | E7: 0 | F7: 0 | G7: 0 | H7: 0 | I7: 1 | J7: 0 | K7: 0 | L7: 0 | M7: 0 | N7: 0
A8: VARIANCE - VARIMAX - 70% | B8: 5 | C8: 0 | D8: 0 | E8: 0 | F8: 0 | G8: 0 | H8: 0 | I8: 0 | J8: 0 | K8: 0 | L8: 0 | M8: 0 | N8: 0
A9: VARIANCE - VARIMAX - 70% | B9: 6 | C9: 0 | D9: 0 | E9: 0 | F9: 3 | G9: 0 | H9: 0 | I9: 0 | J9: 0 | K9: 0 | L9: 0 | M9: 0 | N9: 0
A10: VARIANCE - VARIMAX - 70% | B10: 7 | C10: 0 | D10: 0 | E10: 0 | F10: 4 | G10: 0 | H10: 0 | I10: 0 | J10: 0 | K10: 0 | L10: 0 | M10: 0 | N10: 0
A11: VARIANCE - VARIMAX - 70% | B11: 8 | C11: 0 | D11: 0 | E11: 0 | F11: 0 | G11: 0 | H11: 0 | I11: 0 | J11: 0 | K11: 1 | L11: 0 | M11: 0 | N11: 0
A12: VARIANCE - VARIMAX - 70% | B12: 9 | C12: 0 | D12: 0 | E12: 0 | F12: 2 | G12: 0 | H12: 0 | I12: 0 | J12: 0 | K12: 0 | L12: 0 | M12: 0 | N12: 0
A13: VARIANCE - VARIMAX - 70% | B13: 10 | C13: 0 | D13: 0 | E13: 0 | F13: 0 | G13: 0 | H13: 0 | I13: 0 | J13: 1 | K13: 0 | L13: 0 | M13: 0 | N13: 0
A14: VARIANCE - VARIMAX - 70% | B14: 11 | C14: 0 | D14: 0 | E14: 0 | F14: 0 | G14: 0 | H14: 1 | I14: 0 | J14: 0 | K14: 0 | L14: 0 | M14: 0 | N14: 0
A15: VARIANCE - VARIMAX - 70% | B15: 12 | C15: 0 | D15: 0 | E15: 0 | F15: 0 | G15: 1 | H15: 0 | I15: 0 | J15: 0 | K15: 0 | L15: 0 | M15: 0 | N15: 0
... A32: VARIANCE - VARIMAX - 70% | B32: 29 | C32: 0 | D32: 0 | E32: 0 | F32: 0 | G32: 0 | H32: 0 | I32: 0 | J32: 0 | K32: 0 | L32: 0 | M32: 1 | N32: 0
A33: Grand Total | C33: 21 | D33: 6 | E33: 6 | F33: 10 | G33: 3 | H33: 1 | I33: 1 | J33: 1 | K33: 1 | L33: 1 | M33: 1 | N33: 1

Sheet Variance - 70%
A1: VARIMAX | D1: c(28,14,20,8,3,12,5,11,9,2,30,25) | N1: 1 | O1: 2 | P1: 3 | Q1: 4 | R1: 5 | S1: 5 | T1: 4 | U1: 6 | V1: 5 | W1: 5 | X1: 7 | Y1: 3
A2: QUESTION | B2: Comp.1 | C2: Comp.2 | D2: Comp.3 | E2: Comp.4 | F2: Comp.5 | G2: Comp.6 | H2: Comp.7 | I2: Comp.8 | J2: Comp.9 | K2: Comp.10 | L2: Comp.11 | M2: Comp.12 | N2: Boat Enthusiast? | O2: Early adopter? | P2: Adventurer? | Q2: Do you value Status? | R2: Cheapo? | S2: DIY | T2: Brand aware | U2: Do you rely on expert opinion? | V2: Possibly cheapo of geek | W2: Cheapo possibly or deal hunter | X2: RANKComp.11 | Y2: Blend with adventurer and call the guy "escaper from routine"
A3: 27 | B3: 0.76 | C3: NA | D3: NA | E3: NA | F3: NA | G3: NA | H3: NA | I3: NA | J3: NA | K3: NA | L3: NA | M3: NA | N3: =IF(IF(ISNUMBER(B3),VLOOKUP($A3,List!$A$1:$B$29,2,FALSE))=FALSE,"",IF(ISNUMBER(B3),VLOOKUP($A3,List!$A$1:$B$29,2,FALSE))) -> Boating is the number one thing I do with my spare time | O3: =IF(IF(ISNUMBER(C3),VLOOKUP($A3,List!$A$1:$B$29,2,FALSE))=FALSE,"",IF(ISNUMBER(C3),VLOOKUP($A3,List!$A$1:$B$29,2,FALSE))) | P3: =IF(IF(ISNUMBER(D3),VLOOKUP($A3,List!$A$1:$B$29,2,FALSE))=FALSE,"",IF(ISNUMBER(D3),VLOOKUP($A3,List!$A$1:$B$29,2,FALSE))) | Q3: =IF(IF(ISNUMBER(E3),VLOOKUP($A3,List!$A$1:$B$29,2,FALSE))=FALSE,"",IF(ISNUMBER(E3),VLOOKUP($A3,List!$A$1:$B$29,2,FALSE))) | R3: =IF(IF(ISNUMBER(F3),VLOOKUP($A3,List!$A$1:$B$29,2,FALSE))=FALSE,"",IF(ISNUMBER(F3),VLOOKUP($A3,List!$A$1:$B$29,2,FALSE))) | S3: =IF(IF(ISNUMBER(G3),VLOOKUP($A3,List!$A$1:$B$29,2,FALSE))=FALSE,"",IF(ISNUMBER(G3),VLOOKUP($A3,List!$A$1:$B$29,2,FALSE))) | T3: =IF(IF(ISNUMBER(H3),VLOOKUP($A3,List!$A$1:$B$29,2,FALSE))=FALSE,"",IF(ISNUMBER(H3),VLOOKUP($A3,List!$A$1:$B$29,2,FALSE))) | U3: =IF(IF(ISNUMBER(I3),VLOOKUP($A3,List!$A$1:$B$29,2,FALSE))=FALSE,"",IF(ISNUMBER(I3),VLOOKUP($A3,List!$A$1:$B$29,2,FALSE))) | ... Y3: =IF(IF(ISNUMBER(M3),VLOOKUP($A3,List!$A$1:$B$29,2,FALSE))=FALSE,"",IF(ISNUMBER(M3),VLOOKUP($A3,List!$A$1:$B$29,2,FALSE)))
A4: 28 | B4: 0.75 | C4: NA | D4: NA | E4: NA | F4: NA | G4: NA | H4: NA | I4: NA | J4: NA | K4: NA | L4: NA | M4: NA | N4: =IF(IF(ISNUMBER(B4),VLOOKUP($A4,List!$A$1:$B$29,2,FALSE))=FALSE,"",IF(ISNUMBER(B4),VLOOKUP($A4,List!$A$1:$B$29,2,FALSE))) -> Boating is my true passion in life | O4: =IF(IF(ISNUMBER(C4),VLOOKUP($A4,List!$A$1:$B$29,2,FALSE))=FALSE,"",IF(ISNUMBER(C4),VLOOKUP($A4,List!$A$1:$B$29,2,FALSE))) | P4: =IF(IF(ISNUMBER(D4),VLOOKUP($A4,List!$A$1:$B$29,2,FALSE))=FALSE,"",IF(ISNUMBER(D4),VLOOKUP($A4,List!$A$1:$B$29,2,FALSE))) | Q4: =IF(IF(ISNUMBER(E4),VLOOKUP($A4,List!$A$1:$B$29,2,FALSE))=FALSE,"",IF(ISNUMBER(E4),VLOOKUP($A4,List!$A$1:$B$29,2,FALSE))) | R4: =IF(IF(ISNUMBER(F4),VLOOKUP($A4,List!$A$1:$B$29,2,FALSE))=FALSE,"",IF(ISNUMBER(F4),VLOOKUP($A4,List!$A$1:$B$29,2,FALSE))) | S4: =IF(IF(ISNUMBER(G4),VLOOKUP($A4,List!$A$1:$B$29,2,FALSE))=FALSE,"",IF(ISNUMBER(G4),VLOOKUP($A4,List!$A$1:$B$29,2,FALSE))) | T4: =IF(IF(ISNUMBER(H4),VLOOKUP($A4,List!$A$1:$B$29,2,FALSE))=FALSE,"",IF(ISNUMBER(H4),VLOOKUP($A4,List!$A$1:$B$29,2,FALSE))) | U4: =IF(IF(ISNUMBER(I4),VLOOKUP($A4,List!$A$1:$B$29,2,FALSE))=FALSE,"",IF(ISNUMBER(I4),VLOOKUP($A4,List!$A$1:$B$29,2,FALSE))) | ... Y4: =IF(IF(ISNUMBER(M4),VLOOKUP($A4,List!$A$1:$B$29,2,FALSE))=FALSE,"",IF(ISNUMBER(M4),VLOOKUP($A4,List!$A$1:$B$29,2,FALSE)))
A5: 20 | B5: 0.64 | C5: NA | D5: NA | E5: NA | F5: NA | G5: NA | H5: NA | I5: NA | J5: NA | K5: NA | L5: NA | M5: NA | N5: =IF(IF(ISNUMBER(B5),VLOOKUP($A5,List!$A$1:$B$29,2,FALSE))=FALSE,"",IF(ISNUMBER(B5),VLOOKUP($A5,List!$A$1:$B$29,2,FALSE))) -> When not on my boat, I often find myself doing boating related activities | O5: =IF(IF(ISNUMBER(C5),VLOOKUP($A5,List!$A$1:$B$29,2,FALSE))=FALSE,"",IF(ISNUMBER(C5),VLOOKUP($A5,List!$A$1:$B$29,2,FALSE))) | P5: =IF(IF(ISNUMBER(D5),VLOOKUP($A5,List!$A$1:$B$29,2,FALSE))=FALSE,"",IF(ISNUMBER(D5),VLOOKUP($A5,List!$A$1:$B$29,2,FALSE))) | Q5: =IF(IF(ISNUMBER(E5),VLOOKUP($A5,List!$A$1:$B$29,2,FALSE))=FALSE,"",IF(ISNUMBER(E5),VLOOKUP($A5,List!$A$1:$B$29,2,FALSE))) | R5: =IF(IF(ISNUMBER(F5),VLOOKUP($A5,List!$A$1:$B$29,2,FALSE))=FALSE,"",IF(ISNUMBER(F5),VLOOKUP($A5,List!$A$1:$B$29,2,FALSE))) | S5: =IF(IF(ISNUMBER(G5),VLOOKUP($A5,List!$A$1:$B$29,2,FALSE))=FALSE,"",IF(ISNUMBER(G5),VLOOKUP($A5,List!$A$1:$B$29,2,FALSE))) | T5: =IF(IF(ISNUMBER(H5),VLOOKUP($A5,List!$A$1:$B$29,2,FALSE))=FALSE,"",IF(ISNUMBER(H5),VLOOKUP($A5,List!$A$1:$B$29,2,FALSE))) | U5: =IF(IF(ISNUMBER(I5),VLOOKUP($A5,List!$A$1:$B$29,2,FALSE))=FALSE,"",IF(ISNUMBER(I5),VLOOKUP($A5,List!$A$1:$B$29,2,FALSE))) | ... Y5: =IF(IF(ISNUMBER(M5),VLOOKUP($A5,List!$A$1:$B$29,2,FALSE))=FALSE,"",IF(ISNUMBER(M5),VLOOKUP($A5,List!$A$1:$B$29,2,FALSE)))
A6: 16 | B6: 0.63 | C6: NA | D6: NA | E6: NA | F6: NA | G6: NA | H6: NA | I6: NA | J6: NA | K6: NA | L6: NA | M6: NA | N6: =IF(IF(ISNUMBER(B6),VLOOKUP($A6,List!$A$1:$B$29,2,FALSE))=FALSE,"",IF(ISNUMBER(B6),VLOOKUP($A6,List!$A$1:$B$29,2,FALSE))) -> People tend to come to me for advice about boating | O6: =IF(IF(ISNUMBER(C6),VLOOKUP($A6,List!$A$1:$B$29,2,FALSE))=FALSE,"",IF(ISNUMBER(C6),VLOOKUP($A6,List!$A$1:$B$29,2,FALSE))) | P6: =IF(IF(ISNUMBER(D6),VLOOKUP($A6,List!$A$1:$B$29,2,FALSE))=FALSE,"",IF(ISNUMBER(D6),VLOOKUP($A6,List!$A$1:$B$29,2,FALSE))) | Q6: =IF(IF(ISNUMBER(E6),VLOOKUP($A6,List!$A$1:$B$29,2,FALSE))=FALSE,"",IF(ISNUMBER(E6),VLOOKUP($A6,List!$A$1:$B$29,2,FALSE))) | R6: =IF(IF(ISNUMBER(F6),VLOOKUP($A6,List!$A$1:$B$29,2,FALSE))=FALSE,"",IF(ISNUMBER(F6),VLOOKUP($A6,List!$A$1:$B$29,2,FALSE))) | S6: =IF(IF(ISNUMBER(G6),VLOOKUP($A6,List!$A$1:$B$29,2,FALSE))=FALSE,"",IF(ISNUMBER(G6),VLOOKUP($A6,List!$A$1:$B$29,2,FALSE))) | T6: =IF(IF(ISNUMBER(H6),VLOOKUP($A6,List!$A$1:$B$29,2,FALSE))=FALSE,"",IF(ISNUMBER(H6),VLOOKUP($A6,List!$A$1:$B$29,2,FALSE))) | U6: =IF(IF(ISNUMBER(I6),VLOOKUP($A6,List!$A$1:$B$29,2,FALSE))=FALSE,"",IF(ISNUMBER(I6),VLOOKUP($A6,List!$A$1:$B$29,2,FALSE))) | ... Y6: =IF(IF(ISNUMBER(M6),VLOOKUP($A6,List!$A$1:$B$29,2,FALSE))=FALSE,"",IF(ISNUMBER(M6),VLOOKUP($A6,List!$A$1:$B$29,2,FALSE)))
A7: 23 | B7: 0.58 | C7: NA | D7: NA | E7: NA | F7: NA | G7: NA | H7: NA | I7: NA | J7: NA | K7: NA | L7: NA | M7: NA | N7: =IF(IF(ISNUMBER(B7),VLOOKUP($A7,List!$A$1:$B$29,2,FALSE))=FALSE,"",IF(ISNUMBER(B7),VLOOKUP($A7,List!$A$1:$B$29,2,FALSE))) -> Boating allows me to excel in the sports that I am passionate about | O7: =IF(IF(ISNUMBER(C7),VLOOKUP($A7,List!$A$1:$B$29,2,FALSE))=FALSE,"",IF(ISNUMBER(C7),VLOOKUP($A7,List!$A$1:$B$29,2,FALSE))) | P7: =IF(IF(ISNUMBER(D7),VLOOKUP($A7,List!$A$1:$B$29,2,FALSE))=FALSE,"",IF(ISNUMBER(D7),VLOOKUP($A7,List!$A$1:$B$29,2,FALSE))) | Q7: =IF(IF(ISNUMBER(E7),VLOOKUP($A7,List!$A$1:$B$29,2,FALSE))=FALSE,"",IF(ISNUMBER(E7),VLOOKUP($A7,List!$A$1:$B$29,2,FALSE))) | R7: =IF(IF(ISNUMBER(F7),VLOOKUP($A7,List!$A$1:$B$29,2,FALSE))=FALSE,"",IF(ISNUMBER(F7),VLOOKUP($A7,List!$A$1:$B$29,2,FALSE))) | S7: =IF(IF(ISNUMBER(G7),VLOOKUP($A7,List!$A$1:$B$29,2,FALSE))=FALSE,"",IF(ISNUMBER(G7),VLOOKUP($A7,List!$A$1:$B$29,2,FALSE))) | T7: =IF(IF(ISNUMBER(H7),VLOOKUP($A7,List!$A$1:$B$29,2,FALSE))=FALSE,"",IF(ISNUMBER(H7),VLOOKUP($A7,List!$A$1:$B$29,2,FALSE))) | U7: =IF(IF(ISNUMBER(I7),VLOOKUP($A7,List!$A$1:$B$29,2,FALSE))=FALSE,"",IF(ISNUMBER(I7),VLOOKUP($A7,List!$A$1:$B$29,2,FALSE))) | ... Y7: =IF(IF(ISNUMBER(M7),VLOOKUP($A7,List!$A$1:$B$29,2,FALSE))=FALSE,"",IF(ISNUMBER(M7),VLOOKUP($A7,List!$A$1:$B$29,2,FALSE)))
A8: 17 | B8: 0.56 | C8: NA | D8: NA | E8: NA | F8: NA | G8: NA | H8: NA | I8: NA | J8: NA | K8: NA | L8: NA | M8: NA | N8: =IF(IF(ISNUMBER(B8),VLOOKUP($A8,List!$A$1:$B$29,2,FALSE))=FALSE,"",IF(ISNUMBER(B8),VLOOKUP($A8,List!$A$1:$B$29,2,FALSE))) -> I consider myself more knowledgeable about boating than the rest of my boating peers | O8: =IF(IF(ISNUMBER(C8),VLOOKUP($A8,List!$A$1:$B$29,2,FALSE))=FALSE,"",IF(ISNUMBER(C8),VLOOKUP($A8,List!$A$1:$B$29,2,FALSE))) | P8: =IF(IF(ISNUMBER(D8),VLOOKUP($A8,List!$A$1:$B$29,2,FALSE))=FALSE,"",IF(ISNUMBER(D8),VLOOKUP($A8,List!$A$1:$B$29,2,FALSE))) | Q8: =IF(IF(ISNUMBER(E8),VLOOKUP($A8,List!$A$1:$B$29,2,FALSE))=FALSE,"",IF(ISNUMBER(E8),VLOOKUP($A8,List!$A$1:$B$29,2,FALSE))) | R8: =IF(IF(ISNUMBER(F8),VLOOKUP($A8,List!$A$1:$B$29,2,FALSE))=FALSE,"",IF(ISNUMBER(F8),VLOOKUP($A8,List!$A$1:$B$29,2,FALSE))) | S8: =IF(IF(ISNUMBER(G8),VLOOKUP($A8,List!$A$1:$B$29,2,FALSE))=FALSE,"",IF(ISNUMBER(G8),VLOOKUP($A8,List!$A$1:$B$29,2,FALSE))) | T8: =IF(IF(ISNUMBER(H8),VLOOKUP($A8,List!$A$1:$B$29,2,FALSE))=FALSE,"",IF(ISNUMBER(H8),VLOOKUP($A8,List!$A$1:$B$29,2,FALSE))) | U8: =IF(IF(ISNUMBER(I8),VLOOKUP($A8,List!$A$1:$B$29,2,FALSE))=FALSE,"",IF(ISNUMBER(I8),VLOOKUP($A8,List!$A$1:$B$29,2,FALSE))) | ... Y8: =IF(IF(ISNUMBER(M8),VLOOKUP($A8,List!$A$1:$B$29,2,FALSE))=FALSE,"",IF(ISNUMBER(M8),VLOOKUP($A8,List!$A$1:$B$29,2,FALSE)))
A9: 26 | B9: NA | C9: NA | D9: NA | E9: NA | F9: NA | G9: NA | H9: NA | I9: NA | J9: NA | K9: NA | L9: NA | M9: NA | N9: =IF(IF(ISNUMBER(B9),VLOOKUP($A9,List!$A$1:$B$29,2,FALSE))=FALSE,"",IF(ISNUMBER(B9),VLOOKUP($A9,List!$A$1:$B$29,2,FALSE))) | O9: =IF(IF(ISNUMBER(C9),VLOOKUP($A9,List!$A$1:$B$29,2,FALSE))=FALSE,"",IF(ISNUMBER(C9),VLOOKUP($A9,List!$A$1:$B$29,2,FALSE))) | P9: =IF(IF(ISNUMBER(D9),VLOOKUP($A9,List!$A$1:$B$29,2,FALSE))=FALSE,"",IF(ISNUMBER(D9),VLOOKUP($A9,List!$A$1:$B$29,2,FALSE))) | Q9: =IF(IF(ISNUMBER(E9),VLOOKUP($A9,List!$A$1:$B$29,2,FALSE))=FALSE,"",IF(ISNUMBER(E9),VLOOKUP($A9,List!$A$1:$B$29,2,FALSE))) | R9: =IF(IF(ISNUMBER(F9),VLOOKUP($A9,List!$A$1:$B$29,2,FALSE))=FALSE,"",IF(ISNUMBER(F9),VLOOKUP($A9,List!$A$1:$B$29,2,FALSE))) | S9: =IF(IF(ISNUMBER(G9),VLOOKUP($A9,List!$A$1:$B$29,2,FALSE))=FALSE,"",IF(ISNUMBER(G9),VLOOKUP($A9,List!$A$1:$B$29,2,FALSE))) | T9: =IF(IF(ISNUMBER(H9),VLOOKUP($A9,List!$A$1:$B$29,2,FALSE))=FALSE,"",IF(ISNUMBER(H9),VLOOKUP($A9,List!$A$1:$B$29,2,FALSE))) | U9: =IF(IF(ISNUMBER(I9),VLOOKUP($A9,List!$A$1:$B$29,2,FALSE))=FALSE,"",IF(ISNUMBER(I9),VLOOKUP($A9,List!$A$1:$B$29,2,FALSE))) | ... Y9: =IF(IF(ISNUMBER(M9),VLOOKUP($A9,List!$A$1:$B$29,2,FALSE))=FALSE,"",IF(ISNUMBER(M9),VLOOKUP($A9,List!$A$1:$B$29,2,FALSE)))
A10: 22 | B10: NA | C10: NA | D10: NA | E10: NA | F10: NA | G10: NA | H10: NA | I10: NA | J10: NA | K10: NA | L10: NA | M10: NA | N10: =IF(IF(ISNUMBER(B10),VLOOKUP($A10,List!$A$1:$B$29,2,FALSE))=FALSE,"",IF(ISNUMBER(B10),VLOOKUP($A10,List!$A$1:$B$29,2,FALSE))) | O10: =IF(IF(ISNUMBER(C10),VLOOKUP($A10,List!$A$1:$B$29,2,FALSE))=FALSE,"",IF(ISNUMBER(C10),VLOOKUP($A10,List!$A$1:$B$29,2,FALSE))) | P10: =IF(IF(ISNUMBER(D10),VLOOKUP($A10,List!$A$1:$B$29,2,FALSE))=FALSE,"",IF(ISNUMBER(D10),VLOOKUP($A10,List!$A$1:$B$29,2,FALSE))) | Q10: =IF(IF(ISNUMBER(E10),VLOOKUP($A10,List!$A$1:$B$29,2,FALSE))=FALSE,"",IF(ISNUMBER(E10),VLOOKUP($A10,List!$A$1:$B$29,2,FALSE))) | R10: =IF(IF(ISNUMBER(F10),VLOOKUP($A10,List!$A$1:$B$29,2,FALSE))=FALSE,"",IF(ISNUMBER(F10),VLOOKUP($A10,List!$A$1:$B$29,2,FALSE))) | S10: =IF(IF(ISNUMBER(G10),VLOOKUP($A10,List!$A$1:$B$29,2,FALSE))=FALSE,"",IF(ISNUMBER(G10),VLOOKUP($A10,List!$A$1:$B$29,2,FALSE))) | T10: =IF(IF(ISNUMBER(H10),VLOOKUP($A10,List!$A$1:$B$29,2,FALSE))=FALSE,"",IF(ISNUMBER(H10),VLOOKUP($A10,List!$A$1:$B$29,2,FALSE))) | U10: =IF(IF(ISNUMBER(I10),VLOOKUP($A10,List!$A$1:$B$29,2,FALSE))=FALSE,"",IF(ISNUMBER(I10),VLOOKUP($A10,List!$A$1:$B$29,2,FALSE))) | ... Y10: =IF(IF(ISNUMBER(M10),VLOOKUP($A10,List!$A$1:$B$29,2,FALSE))=FALSE,"",IF(ISNUMBER(M10),VLOOKUP($A10,List!$A$1:$B$29,2,FALSE)))
A11: 3 | B11: NA | C11: NA | D11: NA | E11: 0.55 | F11: NA | G11: NA | H11: NA | I11: NA | J11: NA | K11: NA | L11: NA | M11: NA | N11: =IF(IF(ISNUMBER(B11),VLOOKUP($A11,List!$A$1:$B$29,2,FALSE))=FALSE,"",IF(ISNUMBER(B11),VLOOKUP($A11,List!$A$1:$B$29,2,FALSE))) | O11: =IF(IF(ISNUMBER(C11),VLOOKUP($A11,List!$A$1:$B$29,2,FALSE))=FALSE,"",IF(ISNUMBER(C11),VLOOKUP($A11,List!$A$1:$B$29,2,FALSE))) | P11: =IF(IF(ISNUMBER(D11),VLOOKUP($A11,List!$A$1:$B$29,2,FALSE))=FALSE,"",IF(ISNUMBER(D11),VLOOKUP($A11,List!$A$1:$B$29,2,FALSE))) | Q11: =IF(IF(ISNUMBER(E11),VLOOKUP($A11,List!$A$1:$B$29,2,FALSE))=FALSE,"",IF(ISNUMBER(E11),VLOOKUP($A11,List!$A$1:$B$29,2,FALSE))) -> The brand of the boat I buy says a lot about who I am | R11: =IF(IF(ISNUMBER(F11),VLOOKUP($A11,List!$A$1:$B$29,2,FALSE))=FALSE,"",IF(ISNUMBER(F11),VLOOKUP($A11,List!$A$1:$B$29,2,FALSE))) | S11: =IF(IF(ISNUMBER(G11),VLOOKUP($A11,List!$A$1:$B$29,2,FALSE))=FALSE,"",IF(ISNUMBER(G11),VLOOKUP($A11,List!$A$1:$B$29,2,FALSE))) | T11: =IF(IF(ISNUMBER(H11),VLOOKUP($A11,List!$A$1:$B$29,2,FALSE))=FALSE,"",IF(ISNUMBER(H11),VLOOKUP($A11,List!$A$1:$B$29,2,FALSE))) | U11: =IF(IF(ISNUMBER(I11),VLOOKUP($A11,List!$A$1:$B$29,2,FALSE))=FALSE,"",IF(ISNUMBER(I11),VLOOKUP($A11,List!$A$1:$B$29,2,FALSE))) | ... Y11: =IF(IF(ISNUMBER(M11),VLOOKUP($A11,List!$A$1:$B$29,2,FALSE))=FALSE,"",IF(ISNUMBER(M11),VLOOKUP($A11,List!$A$1:$B$29,2,FALSE)))
A12: 9 | B12: NA | C12: NA | D12: NA | E12: 0.64 | F12: NA | G12: NA | H12: NA | I12: NA | J12: NA | K12: NA | L12: NA | M12: NA | N12: =IF(IF(ISNUMBER(B12),VLOOKUP($A12,List!$A$1:$B$29,2,FALSE))=FALSE,"",IF(ISNUMBER(B12),VLOOKUP($A12,List!$A$1:$B$29,2,FALSE))) | O12: =IF(IF(ISNUMBER(C12),VLOOKUP($A12,List!$A$1:$B$29,2,FALSE))=FALSE,"",IF(ISNUMBER(C12),VLOOKUP($A12,List!$A$1:$B$29,2,FALSE))) | P12: =IF(IF(ISNUMBER(D12),VLOOKUP($A12,List!$A$1:$B$29,2,FALSE))=FALSE,"",IF(ISNUMBER(D12),VLOOKUP($A12,List!$A$1:$B$29,2,FALSE))) | Q12: =IF(IF(ISNUMBER(E12),VLOOKUP($A12,List!$A$1:$B$29,2,FALSE))=FALSE,"",IF(ISNUMBER(E12),VLOOKUP($A12,List!$A$1:$B$29,2,FALSE))) -> I see my boat as status symbol | R12: =IF(IF(ISNUMBER(F12),VLOOKUP($A12,List!$A$1:$B$29,2,FALSE))=FALSE,"",IF(ISNUMBER(F12),VLOOKUP($A12,List!$A$1:$B$29,2,FALSE))) | S12: =IF(IF(ISNUMBER(G12),VLOOKUP($A12,List!$A$1:$B$29,2,FALSE))=FALSE,"",IF(ISNUMBER(G12),VLOOKUP($A12,List!$A$1:$B$29,2,FALSE))) | T12: =IF(IF(ISNUMBER(H12),VLOOKUP($A12,List!$A$1:$B$29,2,FALSE))=FALSE,"",IF(ISNUMBER(H12),VLOOKUP($A12,List!$A$1:$B$29,2,FALSE))) | U12: =IF(IF(ISNUMBER(I12),VLOOKUP($A12,List!$A$1:$B$29,2,FALSE))=FALSE,"",IF(ISNUMBER(I12),VLOOKUP($A12,List!$A$1:$B$29,2,FALSE))) | ... Y12: =IF(IF(ISNUMBER(M12),VLOOKUP($A12,List!$A$1:$B$29,2,FALSE))=FALSE,"",IF(ISNUMBER(M12),VLOOKUP($A12,List!$A$1:$B$29,2,FALSE)))
A13: 13 | B13: NA | C13: 0.75 | D13: NA | E13: NA | F13: NA | G13: NA | H13: NA | I13: NA | J13: NA | K13: NA | L13: NA | M13: NA | N13: =IF(IF(ISNUMBER(B13),VLOOKUP($A13,List!$A$1:$B$29,2,FALSE))=FALSE,"",IF(ISNUMBER(B13),VLOOKUP($A13,List!$A$1:$B$29,2,FALSE))) | O13: =IF(IF(ISNUMBER(C13),VLOOKUP($A13,List!$A$1:$B$29,2,FALSE))=FALSE,"",IF(ISNUMBER(C13),VLOOKUP($A13,List!$A$1:$B$29,2,FALSE))) -> When buying a boat, I tend to buy the latest and greatest | P13: =IF(IF(ISNUMBER(D13),VLOOKUP($A13,List!$A$1:$B$29,2,FALSE))=FALSE,"",IF(ISNUMBER(D13),VLOOKUP($A13,List!$A$1:$B$29,2,FALSE))) | Q13: =IF(IF(ISNUMBER(E13),VLOOKUP($A13,List!$A$1:$B$29,2,FALSE))=FALSE,"",IF(ISNUMBER(E13),VLOOKUP($A13,List!$A$1:$B$29,2,FALSE))) | R13: =IF(IF(ISNUMBER(F13),VLOOKUP($A13,List!$A$1:$B$29,2,FALSE))=FALSE,"",IF(ISNUMBER(F13),VLOOKUP($A13,List!$A$1:$B$29,2,FALSE))) | S13: =IF(IF(ISNUMBER(G13),VLOOKUP($A13,List!$A$1:$B$29,2,FALSE))=FALSE,"",IF(ISNUMBER(G13),VLOOKUP($A13,List!$A$1:$B$29,2,FALSE))) | T13: =IF(IF(ISNUMBER(H13),VLOOKUP($A13,List!$A$1:$B$29,2,FALSE))=FALSE,"",IF(ISNUMBER(H13),VLOOKUP($A13,List!$A$1:$B$29,2,FALSE))) | U13: =IF(IF(ISNUMBER(I13),VLOOKUP($A13,List!$A$1:$B$29,2,FALSE))=FALSE,"",IF(ISNUMBER(I13),VLOOKUP($A13,List!$A$1:$B$29,2,FALSE))) | ... Y13: =IF(IF(ISNUMBER(M13),VLOOKUP($A13,List!$A$1:$B$29,2,FALSE))=FALSE,"",IF(ISNUMBER(M13),VLOOKUP($A13,List!$A$1:$B$29,2,FALSE)))
A14: 14 | B14: NA | C14: 0.75 | D14: NA | E14: NA | F14: NA | G14: NA | H14: NA | I14: NA | J14: NA | K14: NA | L14: NA | M14: NA | N14: =IF(IF(ISNUMBER(B14),VLOOKUP($A14,List!$A$1:$B$29,2,FALSE))=FALSE,"",IF(ISNUMBER(B14),VLOOKUP($A14,List!$A$1:$B$29,2,FALSE))) | O14: =IF(IF(ISNUMBER(C14),VLOOKUP($A14,List!$A$1:$B$29,2,FALSE))=FALSE,"",IF(ISNUMBER(C14),VLOOKUP($A14,List!$A$1:$B$29,2,FALSE))) -> When buying accessories for my boat, I tend to buy the latest and greatest | P14: =IF(IF(ISNUMBER(D14),VLOOKUP($A14,List!$A$1:$B$29,2,FALSE))=FALSE,"",IF(ISNUMBER(D14),VLOOKUP($A14,List!$A$1:$B$29,2,FALSE))) | Q14: =IF(IF(ISNUMBER(E14),VLOOKUP($A14,List!$A$1:$B$29,2,FALSE))=FALSE,"",IF(ISNUMBER(E14),VLOOKUP($A14,List!$A$1:$B$29,2,FALSE))) | R14: =IF(IF(ISNUMBER(F14),VLOOKUP($A14,List!$A$1:$B$29,2,FALSE))=FALSE,"",IF(ISNUMBER(F14),VLOOKUP($A14,List!$A$1:$B$29,2,FALSE))) | S14: =IF(IF(ISNUMBER(G14),VLOOKUP($A14,List!$A$1:$B$29,2,FALSE))=FALSE,"",IF(ISNUMBER(G14),VLOOKUP($A14,List!$A$1:$B$29,2,FALSE))) | T14: =IF(IF(ISNUMBER(H14),VLOOKUP($A14,List!$A$1:$B$29,2,FALSE))=FALSE,"",IF(ISNUMBER(H14),VLOOKUP($A14,List!$A$1:$B$29,2,FALSE))) | U14: =IF(IF(ISNUMBER(I14),VLOOKUP($A14,List!$A$1:$B$29,2,FALSE))=FALSE,"",IF(ISNUMBER(I14),VLOOKUP($A14,List!$A$1:$B$29,2,FALSE))) | ... Y14: =IF(IF(ISNUMBER(M14),VLOOKUP($A14,List!$A$1:$B$29,2,FALSE))=FALSE,"",IF(ISNUMBER(M14),VLOOKUP($A14,List!$A$1:$B$29,2,FALSE)))
A15: 5 | B15: NA | C15: NA | D15: NA | E15: NA | F15: NA | G15: NA | H15: NA | I15: NA | J15: NA | K15: NA | L15: NA | M15: NA | N15: =IF(IF(ISNUMBER(B15),VLOOKUP($A15,List!$A$1:$B$29,2,FALSE))=FALSE,"",IF(ISNUMBER(B15),VLOOKUP($A15,List!$A$1:$B$29,2,FALSE))) | O15: =IF(IF(ISNUMBER(C15),VLOOKUP($A15,List!$A$1:$B$29,2,FALSE))=FALSE,"",IF(ISNUMBER(C15),VLOOKUP($A15,List!$A$1:$B$29,2,FALSE))) | P15: =IF(IF(ISNUMBER(D15),VLOOKUP($A15,List!$A$1:$B$29,2,FALSE))=FALSE,"",IF(ISNUMBER(D15),VLOOKUP($A15,List!$A$1:$B$29,2,FALSE))) | Q15: =IF(IF(ISNUMBER(E15),VLOOKUP($A15,List!$A$1:$B$29,2,FALSE))=FALSE,"",IF(ISNUMBER(E15),VLOOKUP($A15,List!$A$1:$B$29,2,FALSE))) | R15: =IF(IF(ISNUMBER(F15),VLOOKUP($A15,List!$A$1:$B$29,2,FALSE))=FALSE,"",IF(ISNUMBER(F15),VLOOKUP($A15,List!$A$1:$B$29,2,FALSE))) | S15: =IF(IF(ISNUMBER(G15),VLOOKUP($A15,List!$A$1:$B$29,2,FALSE))=FALSE,"",IF(ISNUMBER(G15),VLOOKUP($A15,List!$A$1:$B$29,2,FALSE))) | T15: =IF(IF(ISNUMBER(H15),VLOOKUP($A15,List!$A$1:$B$29,2,FALSE))=FALSE,"",IF(ISNUMBER(H15),VLOOKUP($A15,List!$A$1:$B$29,2,FALSE))) | U15: =IF(IF(ISNUMBER(I15),VLOOKUP($A15,List!$A$1:$B$29,2,FALSE))=FALSE,"",IF(ISNUMBER(I15),VLOOKUP($A15,List!$A$1:$B$29,2,FALSE))) | ... Y15: =IF(IF(ISNUMBER(M15),VLOOKUP($A15,List!$A$1:$B$29,2,FALSE))=FALSE,"",IF(ISNUMBER(M15),VLOOKUP($A15,List!$A$1:$B$29,2,FALSE)))
A16: 25 | B16: NA | C16: NA | D16: NA | E16: NA | F16: NA | G16: NA | H16: NA | I16: NA | J16: NA | K16: NA | L16: NA | M16: NA | N16: =IF(IF(ISNUMBER(B16),VLOOKUP($A16,List!$A$1:$B$29,2,FALSE))=FALSE,"",IF(ISNUMBER(B16),VLOOKUP($A16,List!$A$1:$B$29,2,FALSE))) | O16: =IF(IF(ISNUMBER(C16),VLOOKUP($A16,List!$A$1:$B$29,2,FALSE))=FALSE,"",IF(ISNUMBER(C16),VLOOKUP($A16,List!$A$1:$B$29,2,FALSE))) | P16: =IF(IF(ISNUMBER(D16),VLOOKUP($A16,List!$A$1:$B$29,2,FALSE))=FALSE,"",IF(ISNUMBER(D16),VLOOKUP($A16,List!$A$1:$B$29,2,FALSE))) | Q16: =IF(IF(ISNUMBER(E16),VLOOKUP($A16,List!$A$1:$B$29,2,FALSE))=FALSE,"",IF(ISNUMBER(E16),VLOOKUP($A16,List!$A$1:$B$29,2,FALSE))) | R16: =IF(IF(ISNUMBER(F16),VLOOKUP($A16,List!$A$1:$B$29,2,FALSE))=FALSE,"",IF(ISNUMBER(F16),VLOOKUP($A16,List!$A$1:$B$29,2,FALSE))) | S16: =IF(IF(ISNUMBER(G16),VLOOKUP($A16,List!$A$1:$B$29,2,FALSE))=FALSE,"",IF(ISNUMBER(G16),VLOOKUP($A16,List!$A$1:$B$29,2,FALSE))) | T16: =IF(IF(ISNUMBER(H16),VLOOKUP($A16,List!$A$1:$B$29,2,FALSE))=FALSE,"",IF(ISNUMBER(H16),VLOOKUP($A16,List!$A$1:$B$29,2,FALSE))) | U16: =IF(IF(ISNUMBER(I16),VLOOKUP($A16,List!$A$1:$B$29,2,FALSE))=FALSE,"",IF(ISNUMBER(I16),VLOOKUP($A16,List!$A$1:$B$29,2,FALSE))) | ... Y16: =IF(IF(ISNUMBER(M16),VLOOKUP($A16,List!$A$1:$B$29,2,FALSE))=FALSE,"",IF(ISNUMBER(M16),VLOOKUP($A16,List!$A$1:$B$29,2,FALSE)))
A17: 15 | B17: NA | C17: 0.63 | D17: NA | E17: NA | F17: NA | G17: NA | H17: NA | I17: NA | J17: NA | K17: NA | L17: NA | M17: NA | N17: =IF(IF(ISNUMBER(B17),VLOOKUP($A17,List!$A$1:$B$29,2,FALSE))=FALSE,"",IF(ISNUMBER(B17),VLOOKUP($A17,List!$A$1:$B$29,2,FALSE))) | O17: =IF(IF(ISNUMBER(C17),VLOOKUP($A17,List!$A$1:$B$29,2,FALSE))=FALSE,"",IF(ISNUMBER(C17),VLOOKUP($A17,List!$A$1:$B$29,2,FALSE))) -> I am serious about the technology on my boat | P17: =IF(IF(ISNUMBER(D17),VLOOKUP($A17,List!$A$1:$B$29,2,FALSE))=FALSE,"",IF(ISNUMBER(D17),VLOOKUP($A17,List!$A$1:$B$29,2,FALSE))) | Q17: =IF(IF(ISNUMBER(E17),VLOOKUP($A17,List!$A$1:$B$29,2,FALSE))=FALSE,"",IF(ISNUMBER(E17),VLOOKUP($A17,List!$A$1:$B$29,2,FALSE))) | R17: =IF(IF(ISNUMBER(F17),VLOOKUP($A17,List!$A$1:$B$29,2,FALSE))=FALSE,"",IF(ISNUMBER(F17),VLOOKUP($A17,List!$A$1:$B$29,2,FALSE))) | S17: =IF(IF(ISNUMBER(G17),VLOOKUP($A17,List!$A$1:$B$29,2,FALSE))=FALSE,"",IF(ISNUMBER(G17),VLOOKUP($A17,List!$A$1:$B$29,2,FALSE))) | T17: =IF(IF(ISNUMBER(H17),VLOOKUP($A17,List!$A$1:$B$29,2,FALSE))=FALSE,"",IF(ISNUMBER(H17),VLOOKUP($A17,List!$A$1:$B$29,2,FALSE))) | U17: =IF(IF(ISNUMBER(I17),VLOOKUP($A17,List!$A$1:$B$29,2,FALSE))=FALSE,"",IF(ISNUMBER(I17),VLOOKUP($A17,List!$A$1:$B$29,2,FALSE))) | ... Y17: =IF(IF(ISNUMBER(M17),VLOOKUP($A17,List!$A$1:$B$29,2,FALSE))=FALSE,"",IF(ISNUMBER(M17),VLOOKUP($A17,List!$A$1:$B$29,2,FALSE)))
A18: 6 | B18: NA | C18: NA | D18: NA | E18: 0.62 | F18: NA | G18: NA | H18: NA | I18: NA | J18: NA | K18: NA | L18: NA | M18: NA | N18: =IF(IF(ISNUMBER(B18),VLOOKUP($A18,List!$A$1:$B$29,2,FALSE))=FALSE,"",IF(ISNUMBER(B18),VLOOKUP($A18,List!$A$1:$B$29,2,FALSE))) | O18: =IF(IF(ISNUMBER(C18),VLOOKUP($A18,List!$A$1:$B$29,2,FALSE))=FALSE,"",IF(ISNUMBER(C18),VLOOKUP($A18,List!$A$1:$B$29,2,FALSE))) | P18: =IF(IF(ISNUMBER(D18),VLOOKUP($A18,List!$A$1:$B$29,2,FALSE))=FALSE,"",IF(ISNUMBER(D18),VLOOKUP($A18,List!$A$1:$B$29,2,FALSE))) | Q18: =IF(IF(ISNUMBER(E18),VLOOKUP($A18,List!$A$1:$B$29,2,FALSE))=FALSE,"",IF(ISNUMBER(E18),VLOOKUP($A18,List!$A$1:$B$29,2,FALSE))) -> Owning a boat is a way of rewarding myself for hard work | R18: =IF(IF(ISNUMBER(F18),VLOOKUP($A18,List!$A$1:$B$29,2,FALSE))=FALSE,"",IF(ISNUMBER(F18),VLOOKUP($A18,List!$A$1:$B$29,2,FALSE))) | S18: =IF(IF(ISNUMBER(G18),VLOOKUP($A18,List!$A$1:$B$29,2,FALSE))=FALSE,"",IF(ISNUMBER(G18),VLOOKUP($A18,List!$A$1:$B$29,2,FALSE))) | T18: =IF(IF(ISNUMBER(H18),VLOOKUP($A18,List!$A$1:$B$29,2,FALSE))=FALSE,"",IF(ISNUMBER(H18),VLOOKUP($A18,List!$A$1:$B$29,2,FALSE))) | U18: =IF(IF(ISNUMBER(I18),VLOOKUP($A18,List!$A$1:$B$29,2,FALSE))=FALSE,"",IF(ISNUMBER(I18),VLOOKUP($A18,List!$A$1:$B$29,2,FALSE))) | ... Y18: =IF(IF(ISNUMBER(M18),VLOOKUP($A18,List!$A$1:$B$29,2,FALSE))=FALSE,"",IF(ISNUMBER(M18),VLOOKUP($A18,List!$A$1:$B$29,2,FALSE)))
A19: 7 | B19: NA | C19: NA | D19: NA | E19: 0.74 | F19: NA | G19: NA | H19: NA | I19: NA | J19: NA | K19: NA | L19: NA | M19: NA | N19: =IF(IF(ISNUMBER(B19),VLOOKUP($A19,List!$A$1:$B$29,2,FALSE))=FALSE,"",IF(ISNUMBER(B19),VLOOKUP($A19,List!$A$1:$B$29,2,FALSE))) | O19: =IF(IF(ISNUMBER(C19),VLOOKUP($A19,List!$A$1:$B$29,2,FALSE))=FALSE,"",IF(ISNUMBER(C19),VLOOKUP($A19,List!$A$1:$B$29,2,FALSE))) | P19: =IF(IF(ISNUMBER(D19),VLOOKUP($A19,List!$A$1:$B$29,2,FALSE))=FALSE,"",IF(ISNUMBER(D19),VLOOKUP($A19,List!$A$1:$B$29,2,FALSE))) | Q19: =IF(IF(ISNUMBER(E19),VLOOKUP($A19,List!$A$1:$B$29,2,FALSE))=FALSE,"",IF(ISNUMBER(E19),VLOOKUP($A19,List!$A$1:$B$29,2,FALSE))) -> Owning a boat gives me a sense of achievement | R19: =IF(IF(ISNUMBER(F19),VLOOKUP($A19,List!$A$1:$B$29,2,FALSE))=FALSE,"",IF(ISNUMBER(F19),VLOOKUP($A19,List!$A$1:$B$29,2,FALSE))) | S19: =IF(IF(ISNUMBER(G19),VLOOKUP($A19,List!$A$1:$B$29,2,FALSE))=FALSE,"",IF(ISNUMBER(G19),VLOOKUP($A19,List!$A$1:$B$29,2,FALSE))) | T19: =IF(IF(ISNUMBER(H19),VLOOKUP($A19,List!$A$1:$B$29,2,FALSE))=FALSE,"",IF(ISNUMBER(H19),VLOOKUP($A19,List!$A$1:$B$29,2,FALSE))) | U19: =IF(IF(ISNUMBER(I19),VLOOKUP($A19,List!$A$1:$B$29,2,FALSE))=FALSE,"",IF(ISNUMBER(I19),VLOOKUP($A19,List!$A$1:$B$29,2,FALSE))) | ... Y19: =IF(IF(ISNUMBER(M19),VLOOKUP($A19,List!$A$1:$B$29,2,FALSE))=FALSE,"",IF(ISNUMBER(M19),VLOOKUP($A19,List!$A$1:$B$29,2,FALSE)))
A20: 12 | B20: NA | C20: NA | D20: NA | E20: NA | F20: 0.63 | G20: NA | H20: NA | I20: NA | J20: NA | K20: NA | L20: NA | M20: NA | N20: =IF(IF(ISNUMBER(B20),VLOOKUP($A20,List!$A$1:$B$29,2,FALSE))=FALSE,"",IF(ISNUMBER(B20),VLOOKUP($A20,List!$A$1:$B$29,2,FALSE))) | O20: =IF(IF(ISNUMBER(C20),VLOOKUP($A20,List!$A$1:$B$29,2,FALSE))=FALSE,"",IF(ISNUMBER(C20),VLOOKUP($A20,List!$A$1:$B$29,2,FALSE))) | P20: =IF(IF(ISNUMBER(D20),VLOOKUP($A20,List!$A$1:$B$29,2,FALSE))=FALSE,"",IF(ISNUMBER(D20),VLOOKUP($A20,List!$A$1:$B$29,2,FALSE))) | Q20: =IF(IF(ISNUMBER(E20),VLOOKUP($A20,List!$A$1:$B$29,2,FALSE))=FALSE,"",IF(ISNUMBER(E20),VLOOKUP($A20,List!$A$1:$B$29,2,FALSE))) | R20: =IF(IF(ISNUMBER(F20),VLOOKUP($A20,List!$A$1:$B$29,2,FALSE))=FALSE,"",IF(ISNUMBER(F20),VLOOKUP($A20,List!$A$1:$B$29,2,FALSE))) -> When it comes to boating, I tend to prefer a basic boat with little to no frills | S20: =IF(IF(ISNUMBER(G20),VLOOKUP($A20,List!$A$1:$B$29,2,FALSE))=FALSE,"",IF(ISNUMBER(G20),VLOOKUP($A20,List!$A$1:$B$29,2,FALSE))) | T20: =IF(IF(ISNUMBER(H20),VLOOKUP($A20,List!$A$1:$B$29,2,FALSE))=FALSE,"",IF(ISNUMBER(H20),VLOOKUP($A20,List!$A$1:$B$29,2,FALSE))) | U20: =IF(IF(ISNUMBER(I20),VLOOKUP($A20,List!$A$1:$B$29,2,FALSE))=FALSE,"",IF(ISNUMBER(I20),VLOOKUP($A20,List!$A$1:$B$29,2,FALSE))) | ... Y20: =IF(IF(ISNUMBER(M20),VLOOKUP($A20,List!$A$1:$B$29,2,FALSE))=FALSE,"",IF(ISNUMBER(M20),VLOOKUP($A20,List!$A$1:$B$29,2,FALSE)))
A21: 24 | B21: NA | C21: NA | D21: NA | E21: NA | F21: NA | G21: NA | H21: NA | I21: NA | J21: NA | K21: NA | L21: NA | M21: 0.77 | N21: =IF(IF(ISNUMBER(B21),VLOOKUP($A21,List!$A$1:$B$29,2,FALSE))=FALSE,"",IF(ISNUMBER(B21),VLOOKUP($A21,List!$A$1:$B$29,2,FALSE))) | O21: =IF(IF(ISNUMBER(C21),VLOOKUP($A21,List!$A$1:$B$29,2,FALSE))=FALSE,"",IF(ISNUMBER(C21),VLOOKUP($A21,List!$A$1:$B$29,2,FALSE))) | P21: =IF(IF(ISNUMBER(D21),VLOOKUP($A21,List!$A$1:$B$29,2,FALSE))=FALSE,"",IF(ISNUMBER(D21),VLOOKUP($A21,List!$A$1:$B$29,2,FALSE))) | Q21: =IF(IF(ISNUMBER(E21),VLOOKUP($A21,List!$A$1:$B$29,2,FALSE))=FALSE,"",IF(ISNUMBER(E21),VLOOKUP($A21,List!$A$1:$B$29,2,FALSE))) | R21: =IF(IF(ISNUMBER(F21),VLOOKUP($A21,List!$A$1:$B$29,2,FALSE))=FALSE,"",IF(ISNUMBER(F21),VLOOKUP($A21,List!$A$1:$B$29,2,FALSE))) | S21: =IF(IF(ISNUMBER(G21),VLOOKUP($A21,List!$A$1:$B$29,2,FALSE))=FALSE,"",IF(ISNUMBER(G21),VLOOKUP($A21,List!$A$1:$B$29,2,FALSE))) | T21: =IF(IF(ISNUMBER(H21),VLOOKUP($A21,List!$A$1:$B$29,2,FALSE))=FALSE,"",IF(ISNUMBER(H21),VLOOKUP($A21,List!$A$1:$B$29,2,FALSE))) | U21: =IF(IF(ISNUMBER(I21),VLOOKUP($A21,List!$A$1:$B$29,2,FALSE))=FALSE,"",IF(ISNUMBER(I21),VLOOKUP($A21,List!$A$1:$B$29,2,FALSE))) | ... Y21: =IF(IF(ISNUMBER(M21),VLOOKUP($A21,List!$A$1:$B$29,2,FALSE))=FALSE,"",IF(ISNUMBER(M21),VLOOKUP($A21,List!$A$1:$B$29,2,FALSE))) -> Boating gives me an outlet to socialize with family/friends
A22: 11 | B22: NA | C22: NA | D22: NA | E22: NA | F22: NA | G22: 0.88 | H22: NA | I22: NA | J22: NA | K22: NA | L22: NA | M22: NA | N22: =IF(IF(ISNUMBER(B22),VLOOKUP($A22,List!$A$1:$B$29,2,FALSE))=FALSE,"",IF(ISNUMBER(B22),VLOOKUP($A22,List!$A$1:$B$29,2,FALSE))) | O22: =IF(IF(ISNUMBER(C22),VLOOKUP($A22,List!$A$1:$B$29,2,FALSE))=FALSE,"",IF(ISNUMBER(C22),VLOOKUP($A22,List!$A$1:$B$29,2,FALSE))) | P22: =IF(IF(ISNUMBER(D22),VLOOKUP($A22,List!$A$1:$B$29,2,FALSE))=FALSE,"",IF(ISNUMBER(D22),VLOOKUP($A22,List!$A$1:$B$29,2,FALSE))) | Q22: =IF(IF(ISNUMBER(E22),VLOOKUP($A22,List!$A$1:$B$29,2,FALSE))=FALSE,"",IF(ISNUMBER(E22),VLOOKUP($A22,List!$A$1:$B$29,2,FALSE))) | R22: =IF(IF(ISNUMBER(F22),VLOOKUP($A22,List!$A$1:$B$29,2,FALSE))=FALSE,"",IF(ISNUMBER(F22),VLOOKUP($A22,List!$A$1:$B$29,2,FALSE))) | S22: =IF(IF(ISNUMBER(G22),VLOOKUP($A22,List!$A$1:$B$29,2,FALSE))=FALSE,"",IF(ISNUMBER(G22),VLOOKUP($A22,List!$A$1:$B$29,2,FALSE))) -> I tend to perform minor boat repairs and maintenance on my own | T22: =IF(IF(ISNUMBER(H22),VLOOKUP($A22,List!$A$1:$B$29,2,FALSE))=FALSE,"",IF(ISNUMBER(H22),VLOOKUP($A22,List!$A$1:$B$29,2,FALSE))) | U22: =IF(IF(ISNUMBER(I22),VLOOKUP($A22,List!$A$1:$B$29,2,FALSE))=FALSE,"",IF(ISNUMBER(I22),VLOOKUP($A22,List!$A$1:$B$29,2,FALSE))) | ... Y22: =IF(IF(ISNUMBER(M22),VLOOKUP($A22,List!$A$1:$B$29,2,FALSE))=FALSE,"",IF(ISNUMBER(M22),VLOOKUP($A22,List!$A$1:$B$29,2,FALSE)))
A23: 18 | B23: NA | C23: NA | D23: 0.72 | E23: NA | F23: NA | G23: NA | H23: NA | I23: NA | J23: NA | K23: NA | L23: NA | M23: NA | N23: =IF(IF(ISNUMBER(B23),VLOOKUP($A23,List!$A$1:$B$29,2,FALSE))=FALSE,"",IF(ISNUMBER(B23),VLOOKUP($A23,List!$A$1:$B$29,2,FALSE))) | O23: =IF(IF(ISNUMBER(C23),VLOOKUP($A23,List!$A$1:$B$29,2,FALSE))=FALSE,"",IF(ISNUMBER(C23),VLOOKUP($A23,List!$A$1:$B$29,2,FALSE))) | P23: =IF(IF(ISNUMBER(D23),VLOOKUP($A23,List!$A$1:$B$29,2,FALSE))=FALSE,"",IF(ISNUMBER(D23),VLOOKUP($A23,List!$A$1:$B$29,2,FALSE))) -> Boating gives me a feeling of adventure | Q23: =IF(IF(ISNUMBER(E23),VLOOKUP($A23,List!$A$1:$B$29,2,FALSE))=FALSE,"",IF(ISNUMBER(E23),VLOOKUP($A23,List!$A$1:$B$29,2,FALSE))) | R23: =IF(IF(ISNUMBER(F23),VLOOKUP($A23,List!$A$1:$B$29,2,FALSE))=FALSE,"",IF(ISNUMBER(F23),VLOOKUP($A23,List!$A$1:$B$29,2,FALSE))) | S23: =IF(IF(ISNUMBER(G23),VLOOKUP($A23,List!$A$1:$B$29,2,FALSE))=FALSE,"",IF(ISNUMBER(G23),VLOOKUP($A23,List!$A$1:$B$29,2,FALSE))) | T23: =IF(IF(ISNUMBER(H23),VLOOKUP($A23,List!$A$1:$B$29,2,FALSE))=FALSE,"",IF(ISNUMBER(H23),VLOOKUP($A23,List!$A$1:$B$29,2,FALSE))) | U23: =IF(IF(ISNUMBER(I23),VLOOKUP($A23,List!$A$1:$B$29,2,FALSE))=FALSE,"",IF(ISNUMBER(I23),VLOOKUP($A23,List!$A$1:$B$29,2,FALSE))) | ... Y23: =IF(IF(ISNUMBER(M23),VLOOKUP($A23,List!$A$1:$B$29,2,FALSE))=FALSE,"",IF(ISNUMBER(M23),VLOOKUP($A23,List!$A$1:$B$29,2,FALSE)))
A24: 21 | B24: NA | C24: NA | D24: 0.57 | E24: NA | F24: NA | G24: NA | H24: NA | I24: NA | J24: NA | K24: NA | L24: NA | M24: NA | N24: =IF(IF(ISNUMBER(B24),VLOOKUP($A24,List!$A$1:$B$29,2,FALSE))=FALSE,"",IF(ISNUMBER(B24),VLOOKUP($A24,List!$A$1:$B$29,2,FALSE))) | O24: =IF(IF(ISNUMBER(C24),VLOOKUP($A24,List!$A$1:$B$29,2,FALSE))=FALSE,"",IF(ISNUMBER(C24),VLOOKUP($A24,List!$A$1:$B$29,2,FALSE))) | P24: =IF(IF(ISNUMBER(D24),VLOOKUP($A24,List!$A$1:$B$29,2,FALSE))=FALSE,"",IF(ISNUMBER(D24),VLOOKUP($A24,List!$A$1:$B$29,2,FALSE))) -> Boating helps me escape from everyday life and relax | Q24: =IF(IF(ISNUMBER(E24),VLOOKUP($A24,List!$A$1:$B$29,2,FALSE))=FALSE,"",IF(ISNUMBER(E24),VLOOKUP($A24,List!$A$1:$B$29,2,FALSE))) | R24: =IF(IF(ISNUMBER(F24),VLOOKUP($A24,List!$A$1:$B$29,2,FALSE))=FALSE,"",IF(ISNUMBER(F24),VLOOKUP($A24,List!$A$1:$B$29,2,FALSE))) | S24: =IF(IF(ISNUMBER(G24),VLOOKUP($A24,List!$A$1:$B$29,2,FALSE))=FALSE,"",IF(ISNUMBER(G24),VLOOKUP($A24,List!$A$1:$B$29,2,FALSE))) | T24: =IF(IF(ISNUMBER(H24),VLOOKUP($A24,List!$A$1:$B$29,2,FALSE))=FALSE,"",IF(ISNUMBER(H24),VLOOKUP($A24,List!$A$1:$B$29,2,FALSE))) | U24: =IF(IF(ISNUMBER(I24),VLOOKUP($A24,List!$A$1:$B$29,2,FALSE))=FALSE,"",IF(ISNUMBER(I24),VLOOKUP($A24,List!$A$1:$B$29,2,FALSE))) | ... Y24: =IF(IF(ISNUMBER(M24),VLOOKUP($A24,List!$A$1:$B$29,2,FALSE))=FALSE,"",IF(ISNUMBER(M24),VLOOKUP($A24,List!$A$1:$B$29,2,FALSE)))
A25: 29 | B25: NA | C25: NA | D25: NA | E25: NA | F25: NA | G25: NA | H25: NA | I25: NA | J25: NA | K25: NA | L25: 0.9 | M25: NA | N25: =IF(IF(ISNUMBER(B25),VLOOKUP($A25,List!$A$1:$B$29,2,FALSE))=FALSE,"",IF(ISNUMBER(B25),VLOOKUP($A25,List!$A$1:$B$29,2,FALSE))) | O25: =IF(IF(ISNUMBER(C25),VLOOKUP($A25,List!$A$1:$B$29,2,FALSE))=FALSE,"",IF(ISNUMBER(C25),VLOOKUP($A25,List!$A$1:$B$29,2,FALSE))) | P25: =IF(IF(ISNUMBER(D25),VLOOKUP($A25,List!$A$1:$B$29,2,FALSE))=FALSE,"",IF(ISNUMBER(D25),VLOOKUP($A25,List!$A$1:$B$29,2,FALSE))) | Q25: =IF(IF(ISNUMBER(E25),VLOOKUP($A25,List!$A$1:$B$29,2,FALSE))=FALSE,"",IF(ISNUMBER(E25),VLOOKUP($A25,List!$A$1:$B$29,2,FALSE))) | R25: =IF(IF(ISNUMBER(F25),VLOOKUP($A25,List!$A$1:$B$29,2,FALSE))=FALSE,"",IF(ISNUMBER(F25),VLOOKUP($A25,List!$A$1:$B$29,2,FALSE))) | S25: =IF(IF(ISNUMBER(G25),VLOOKUP($A25,List!$A$1:$B$29,2,FALSE))=FALSE,"",IF(ISNUMBER(G25),VLOOKUP($A25,List!$A$1:$B$29,2,FALSE))) | T25: =IF(IF(ISNUMBER(H25),VLOOKUP($A25,List!$A$1:$B$29,2,FALSE))=FALSE,"",IF(ISNUMBER(H25),VLOOKUP($A25,List!$A$1:$B$29,2,FALSE))) | U25: =IF(IF(ISNUMBER(I25),VLOOKUP($A25,List!$A$1:$B$29,2,FALSE))=FALSE,"",IF(ISNUMBER(I25),VLOOKUP($A25,List!$A$1:$B$29,2,FALSE))) | ... Y25: =IF(IF(ISNUMBER(M25),VLOOKUP($A25,List!$A$1:$B$29,2,FALSE))=FALSE,"",IF(ISNUMBER(M25),VLOOKUP($A25,List!$A$1:$B$29,2,FALSE)))
A26: 1 | B26: NA | C26: NA | D26: NA | E26: NA | F26: NA | G26: NA | H26: NA | I26: NA | J26: NA | K26: 0.94 | L26: NA | M26: NA | N26: =IF(IF(ISNUMBER(B26),VLOOKUP($A26,List!$A$1:$B$29,2,FALSE))=FALSE,"",IF(ISNUMBER(B26),VLOOKUP($A26,List!$A$1:$B$29,2,FALSE))) | O26: =IF(IF(ISNUMBER(C26),VLOOKUP($A26,List!$A$1:$B$29,2,FALSE))=FALSE,"",IF(ISNUMBER(C26),VLOOKUP($A26,List!$A$1:$B$29,2,FALSE))) | P26: =IF(IF(ISNUMBER(D26),VLOOKUP($A26,List!$A$1:$B$29,2,FALSE))=FALSE,"",IF(ISNUMBER(D26),VLOOKUP($A26,List!$A$1:$B$29,2,FALSE))) | Q26: =IF(IF(ISNUMBER(E26),VLOOKUP($A26,List!$A$1:$B$29,2,FALSE))=FALSE,"",IF(ISNUMBER(E26),VLOOKUP($A26,List!$A$1:$B$29,2,FALSE))) | R26: =IF(IF(ISNUMBER(F26),VLOOKUP($A26,List!$A$1:$B$29,2,FALSE))=FALSE,"",IF(ISNUMBER(F26),VLOOKUP($A26,List!$A$1:$B$29,2,FALSE))) | S26: =IF(IF(ISNUMBER(G26),VLOOKUP($A26,List!$A$1:$B$29,2,FALSE))=FALSE,"",IF(ISNUMBER(G26),VLOOKUP($A26,List!$A$1:$B$29,2,FALSE))) | T26: =IF(IF(ISNUMBER(H26),VLOOKUP($A26,List!$A$1:$B$29,2,FALSE))=FALSE,"",IF(ISNUMBER(H26),VLOOKUP($A26,List!$A$1:$B$29,2,FALSE))) | U26: =IF(IF(ISNUMBER(I26),VLOOKUP($A26,List!$A$1:$B$29,2,FALSE))=FALSE,"",IF(ISNUMBER(I26),VLOOKUP($A26,List!$A$1:$B$29,2,FALSE))) | ... Y26: =IF(IF(ISNUMBER(M26),VLOOKUP($A26,List!$A$1:$B$29,2,FALSE))=FALSE,"",IF(ISNUMBER(M26),VLOOKUP($A26,List!$A$1:$B$29,2,FALSE)))
A27: 4 | B27: NA | C27: NA | D27: NA | E27: NA | F27: NA | G27: NA | H27: 0.84 | I27: NA | J27: NA | K27: NA | L27: NA | M27: NA | N27: =IF(IF(ISNUMBER(B27),VLOOKUP($A27,List!$A$1:$B$29,2,FALSE))=FALSE,"",IF(ISNUMBER(B27),VLOOKUP($A27,List!$A$1:$B$29,2,FALSE))) | O27: =IF(IF(ISNUMBER(C27),VLOOKUP($A27,List!$A$1:$B$29,2,FALSE))=FALSE,"",IF(ISNUMBER(C27),VLOOKUP($A27,List!$A$1:$B$29,2,FALSE))) | P27: =IF(IF(ISNUMBER(D27),VLOOKUP($A27,List!$A$1:$B$29,2,FALSE))=FALSE,"",IF(ISNUMBER(D27),VLOOKUP($A27,List!$A$1:$B$29,2,FALSE))) | Q27: =IF(IF(ISNUMBER(E27),VLOOKUP($A27,List!$A$1:$B$29,2,FALSE))=FALSE,"",IF(ISNUMBER(E27),VLOOKUP($A27,List!$A$1:$B$29,2,FALSE))) | R27: =IF(IF(ISNUMBER(F27),VLOOKUP($A27,List!$A$1:$B$29,2,FALSE))=FALSE,"",IF(ISNUMBER(F27),VLOOKUP($A27,List!$A$1:$B$29,2,FALSE))) | S27: =IF(IF(ISNUMBER(G27),VLOOKUP($A27,List!$A$1:$B$29,2,FALSE))=FALSE,"",IF(ISNUMBER(G27),VLOOKUP($A27,List!$A$1:$B$29,2,FALSE))) | T27: =IF(IF(ISNUMBER(H27),VLOOKUP($A27,List!$A$1:$B$29,2,FALSE))=FALSE,"",IF(ISNUMBER(H27),VLOOKUP($A27,List!$A$1:$B$29,2,FALSE))) -> I only consider buying a boat from a reputable brand | U27: =IF(IF(ISNUMBER(I27),VLOOKUP($A27,List!$A$1:$B$29,2,FALSE))=FALSE,"",IF(ISNUMBER(I27),VLOOKUP($A27,List!$A$1:$B$29,2,FALSE))) | ... Y27: =IF(IF(ISNUMBER(M27),VLOOKUP($A27,List!$A$1:$B$29,2,FALSE))=FALSE,"",IF(ISNUMBER(M27),VLOOKUP($A27,List!$A$1:$B$29,2,FALSE)))
A28: 19 | B28: NA | C28: NA | D28: 0.83 | E28: NA | F28: NA | G28: NA | H28: NA | I28: NA | J28: NA | K28: NA | L28: NA | M28: NA | N28: =IF(IF(ISNUMBER(B28),VLOOKUP($A28,List!$A$1:$B$29,2,FALSE))=FALSE,"",IF(ISNUMBER(B28),VLOOKUP($A28,List!$A$1:$B$29,2,FALSE))) | O28: =IF(IF(ISNUMBER(C28),VLOOKUP($A28,List!$A$1:$B$29,2,FALSE))=FALSE,"",IF(ISNUMBER(C28),VLOOKUP($A28,List!$A$1:$B$29,2,FALSE))) | P28: =IF(IF(ISNUMBER(D28),VLOOKUP($A28,List!$A$1:$B$29,2,FALSE))=FALSE,"",IF(ISNUMBER(D28),VLOOKUP($A28,List!$A$1:$B$29,2,FALSE))) -> Boating allows me to experience nature | Q28: =IF(IF(ISNUMBER(E28),VLOOKUP($A28,List!$A$1:$B$29,2,FALSE))=FALSE,"",IF(ISNUMBER(E28),VLOOKUP($A28,List!$A$1:$B$29,2,FALSE))) | R28: =IF(IF(ISNUMBER(F28),VLOOKUP($A28,List!$A$1:$B$29,2,FALSE))=FALSE,"",IF(ISNUMBER(F28),VLOOKUP($A28,List!$A$1:$B$29,2,FALSE))) | S28: =IF(IF(ISNUMBER(G28),VLOOKUP($A28,List!$A$1:$B$29,2,FALSE))=FALSE,"",IF(ISNUMBER(G28),VLOOKUP($A28,List!$A$1:$B$29,2,FALSE))) | T28: =IF(IF(ISNUMBER(H28),VLOOKUP($A28,List!$A$1:$B$29,2,FALSE))=FALSE,"",IF(ISNUMBER(H28),VLOOKUP($A28,List!$A$1:$B$29,2,FALSE))) | U28: =IF(IF(ISNUMBER(I28),VLOOKUP($A28,List!$A$1:$B$29,2,FALSE))=FALSE,"",IF(ISNUMBER(I28),VLOOKUP($A28,List!$A$1:$B$29,2,FALSE))) | ... Y28: =IF(IF(ISNUMBER(M28),VLOOKUP($A28,List!$A$1:$B$29,2,FALSE))=FALSE,"",IF(ISNUMBER(M28),VLOOKUP($A28,List!$A$1:$B$29,2,FALSE)))
A29: 8 | B29: NA | C29: NA | D29: NA | E29: NA | F29: NA | G29: NA | H29: NA | I29: NA | J29: 0.95 | K29: NA | L29: NA | M29: NA | N29: =IF(IF(ISNUMBER(B29),VLOOKUP($A29,List!$A$1:$B$29,2,FALSE))=FALSE,"",IF(ISNUMBER(B29),VLOOKUP($A29,List!$A$1:$B$29,2,FALSE))) | O29: =IF(IF(ISNUMBER(C29),VLOOKUP($A29,List!$A$1:$B$29,2,FALSE))=FALSE,"",IF(ISNUMBER(C29),VLOOKUP($A29,List!$A$1:$B$29,2,FALSE))) | P29: =IF(IF(ISNUMBER(D29),VLOOKUP($A29,List!$A$1:$B$29,2,FALSE))=FALSE,"",IF(ISNUMBER(D29),VLOOKUP($A29,List!$A$1:$B$29,2,FALSE))) | Q29: =IF(IF(ISNUMBER(E29),VLOOKUP($A29,List!$A$1:$B$29,2,FALSE))=FALSE,"",IF(ISNUMBER(E29),VLOOKUP($A29,List!$A$1:$B$29,2,FALSE))) | R29: =IF(IF(ISNUMBER(F29),VLOOKUP($A29,List!$A$1:$B$29,2,FALSE))=FALSE,"",IF(ISNUMBER(F29),VLOOKUP($A29,List!$A$1:$B$29,2,FALSE))) | S29: =IF(IF(ISNUMBER(G29),VLOOKUP($A29,List!$A$1:$B$29,2,FALSE))=FALSE,"",IF(ISNUMBER(G29),VLOOKUP($A29,List!$A$1:$B$29,2,FALSE))) | T29: =IF(IF(ISNUMBER(H29),VLOOKUP($A29,List!$A$1:$B$29,2,FALSE))=FALSE,"",IF(ISNUMBER(H29),VLOOKUP($A29,List!$A$1:$B$29,2,FALSE))) | U29: =IF(IF(ISNUMBER(I29),VLOOKUP($A29,List!$A$1:$B$29,2,FALSE))=FALSE,"",IF(ISNUMBER(I29),VLOOKUP($A29,List!$A$1:$B$29,2,FALSE))) | ... Y29: =IF(IF(ISNUMBER(M29),VLOOKUP($A29,List!$A$1:$B$29,2,FALSE))=FALSE,"",IF(ISNUMBER(M29),VLOOKUP($A29,List!$A$1:$B$29,2,FALSE)))
A30: 2 | B30: NA | C30: NA | D30: NA | E30: NA | F30: 0.83 | G30: NA | H30: NA | I30: NA | J30: NA | K30: NA | L30: NA | M30: NA | N30: =IF(IF(ISNUMBER(B30),VLOOKUP($A30,List!$A$1:$B$29,2,FALSE))=FALSE,"",IF(ISNUMBER(B30),VLOOKUP($A30,List!$A$1:$B$29,2,FALSE))) | O30: =IF(IF(ISNUMBER(C30),VLOOKUP($A30,List!$A$1:$B$29,2,FALSE))=FALSE,"",IF(ISNUMBER(C30),VLOOKUP($A30,List!$A$1:$B$29,2,FALSE))) | P30: =IF(IF(ISNUMBER(D30),VLOOKUP($A30,List!$A$1:$B$29,2,FALSE))=FALSE,"",IF(ISNUMBER(D30),VLOOKUP($A30,List!$A$1:$B$29,2,FALSE))) | Q30: =IF(IF(ISNUMBER(E30),VLOOKUP($A30,List!$A$1:$B$29,2,FALSE))=FALSE,"",IF(ISNUMBER(E30),VLOOKUP($A30,List!$A$1:$B$29,2,FALSE))) | R30: =IF(IF(ISNUMBER(F30),VLOOKUP($A30,List!$A$1:$B$29,2,FALSE))=FALSE,"",IF(ISNUMBER(F30),VLOOKUP($A30,List!$A$1:$B$29,2,FALSE))) -> When buying a bot, getting the lowest P is more important than brand | S30: =IF(IF(ISNUMBER(G30),VLOOKUP($A30,List!$A$1:$B$29,2,FALSE))=FALSE,"",IF(ISNUMBER(G30),VLOOKUP($A30,List!$A$1:$B$29,2,FALSE))) | T30: =IF(IF(ISNUMBER(H30),VLOOKUP($A30,List!$A$1:$B$29,2,FALSE))=FALSE,"",IF(ISNUMBER(H30),VLOOKUP($A30,List!$A$1:$B$29,2,FALSE))) | U30: =IF(IF(ISNUMBER(I30),VLOOKUP($A30,List!$A$1:$B$29,2,FALSE))=FALSE,"",IF(ISNUMBER(I30),VLOOKUP($A30,List!$A$1:$B$29,2,FALSE))) | ... Y30: =IF(IF(ISNUMBER(M30),VLOOKUP($A30,List!$A$1:$B$29,2,FALSE))=FALSE,"",IF(ISNUMBER(M30),VLOOKUP($A30,List!$A$1:$B$29,2,FALSE)))
A31: 10 | B31: NA | C31: NA | D31: NA | E31: NA | F31: NA | G31: NA | H31: NA | I31: 0.92 | J31: NA | K31: NA | L31: NA | M31: NA | N31: =IF(IF(ISNUMBER(B31),VLOOKUP($A31,List!$A$1:$B$29,2,FALSE))=FALSE,"",IF(ISNUMBER(B31),VLOOKUP($A31,List!$A$1:$B$29,2,FALSE))) | O31: =IF(IF(ISNUMBER(C31),VLOOKUP($A31,List!$A$1:$B$29,2,FALSE))=FALSE,"",IF(ISNUMBER(C31),VLOOKUP($A31,List!$A$1:$B$29,2,FALSE))) | P31: =IF(IF(ISNUMBER(D31),VLOOKUP($A31,List!$A$1:$B$29,2,FALSE))=FALSE,"",IF(ISNUMBER(D31),VLOOKUP($A31,List!$A$1:$B$29,2,FALSE))) | Q31: =IF(IF(ISNUMBER(E31),VLOOKUP($A31,List!$A$1:$B$29,2,FALSE))=FALSE,"",IF(ISNUMBER(E31),VLOOKUP($A31,List!$A$1:$B$29,2,FALSE))) | R31: =IF(IF(ISNUMBER(F31),VLOOKUP($A31,List!$A$1:$B$29,2,FALSE))=FALSE,"",IF(ISNUMBER(F31),VLOOKUP($A31,List!$A$1:$B$29,2,FALSE))) | S31: =IF(IF(ISNUMBER(G31),VLOOKUP($A31,List!$A$1:$B$29,2,FALSE))=FALSE,"",IF(ISNUMBER(G31),VLOOKUP($A31,List!$A$1:$B$29,2,FALSE))) | T31: =IF(IF(ISNUMBER(H31),VLOOKUP($A31,List!$A$1:$B$29,2,FALSE))=FALSE,"",IF(ISNUMBER(H31),VLOOKUP($A31,List!$A$1:$B$29,2,FALSE))) | U31: =IF(IF(ISNUMBER(I31),VLOOKUP($A31,List!$A$1:$B$29,2,FALSE))=FALSE,"",IF(ISNUMBER(I31),VLOOKUP($A31,List!$A$1:$B$29,2,FALSE))) -> When buying a boat, I rely more on expert opinion than my own | ... Y31: =IF(IF(ISNUMBER(M31),VLOOKUP($A31,List!$A$1:$B$29,2,FALSE))=FALSE,"",IF(ISNUMBER(M31),VLOOKUP($A31,List!$A$1:$B$29,2,FALSE)))
A33: QUANTIMAX | D33: OVERSIMPLIFIED
A34: QUESTION | B34: Comp.1 | C34: Comp.2 | D34: Comp.3 | E34: Comp.4 | F34: Comp.5 | G34: Comp.6 | H34: Comp.7 | I34: Comp.8 | J34: Comp.9 | K34: Comp.10 | L34: Comp.11 | M34: Comp.12 | N34: Boat Enthusiast? | O34: Early adopter? | P34: Adventurer? | Q34: Do you value Status? | R34: Cheapo? | S34: could add up to cheapo / DIY | T34: Status? | U34: Do you rely on expert opinion? | V34: Possibly cheapo of geek | W34: Cheapo possibly or deal hunter | X34: RANKComp.11 | Y34: RANKComp.12
A35: 28 | B35: 0.7 | C35: NA | D35: NA | E35: NA | F35: NA | G35: NA | H35: NA | I35: NA | J35: NA | K35: NA | L35: NA | M35: NA | N35: =IF(IF(ISNUMBER(B35),VLOOKUP($A35,List!$A$1:$B$29,2,FALSE))=FALSE,"",IF(ISNUMBER(B35),VLOOKUP($A35,List!$A$1:$B$29,2,FALSE))) -> Boating is my true passion in life | O35: =IF(IF(ISNUMBER(C35),VLOOKUP($A35,List!$A$1:$B$29,2,FALSE))=FALSE,"",IF(ISNUMBER(C35),VLOOKUP($A35,List!$A$1:$B$29,2,FALSE))) | P35: =IF(IF(ISNUMBER(D35),VLOOKUP($A35,List!$A$1:$B$29,2,FALSE))=FALSE,"",IF(ISNUMBER(D35),VLOOKUP($A35,List!$A$1:$B$29,2,FALSE))) | Q35: =IF(IF(ISNUMBER(E35),VLOOKUP($A35,List!$A$1:$B$29,2,FALSE))=FALSE,"",IF(ISNUMBER(E35),VLOOKUP($A35,List!$A$1:$B$29,2,FALSE))) | R35: =IF(IF(ISNUMBER(F35),VLOOKUP($A35,List!$A$1:$B$29,2,FALSE))=FALSE,"",IF(ISNUMBER(F35),VLOOKUP($A35,List!$A$1:$B$29,2,FALSE))) | S35: =IF(IF(ISNUMBER(G35),VLOOKUP($A35,List!$A$1:$B$29,2,FALSE))=FALSE,"",IF(ISNUMBER(G35),VLOOKUP($A35,List!$A$1:$B$29,2,FALSE))) | T35: =IF(IF(ISNUMBER(H35),VLOOKUP($A35,List!$A$1:$B$29,2,FALSE))=FALSE,"",IF(ISNUMBER(H35),VLOOKUP($A35,List!$A$1:$B$29,2,FALSE))) | U35: =IF(IF(ISNUMBER(I35),VLOOKUP($A35,List!$A$1:$B$29,2,FALSE))=FALSE,"",IF(ISNUMBER(I35),VLOOKUP($A35,List!$A$1:$B$29,2,FALSE))) | ... Y35: =IF(IF(ISNUMBER(M35),VLOOKUP($A35,List!$A$1:$B$29,2,FALSE))=FALSE,"",IF(ISNUMBER(M35),VLOOKUP($A35,List!$A$1:$B$29,2,FALSE)))
A36: 14 | B36: 0.67 | C36: NA | D36: NA | E36: NA | F36: NA | G36: NA | H36: NA | I36: NA | J36: NA | K36: NA | L36: NA | M36: NA | N36: =IF(IF(ISNUMBER(B36),VLOOKUP($A36,List!$A$1:$B$29,2,FALSE))=FALSE,"",IF(ISNUMBER(B36),VLOOKUP($A36,List!$A$1:$B$29,2,FALSE))) -> When buying accessories for my boat, I tend to buy the latest and greatest | O36: =IF(IF(ISNUMBER(C36),VLOOKUP($A36,List!$A$1:$B$29,2,FALSE))=FALSE,"",IF(ISNUMBER(C36),VLOOKUP($A36,List!$A$1:$B$29,2,FALSE))) | P36: =IF(IF(ISNUMBER(D36),VLOOKUP($A36,List!$A$1:$B$29,2,FALSE))=FALSE,"",IF(ISNUMBER(D36),VLOOKUP($A36,List!$A$1:$B$29,2,FALSE))) | Q36: =IF(IF(ISNUMBER(E36),VLOOKUP($A36,List!$A$1:$B$29,2,FALSE))=FALSE,"",IF(ISNUMBER(E36),VLOOKUP($A36,List!$A$1:$B$29,2,FALSE))) | R36: =IF(IF(ISNUMBER(F36),VLOOKUP($A36,List!$A$1:$B$29,2,FALSE))=FALSE,"",IF(ISNUMBER(F36),VLOOKUP($A36,List!$A$1:$B$29,2,FALSE))) | S36: =IF(IF(ISNUMBER(G36),VLOOKUP($A36,List!$A$1:$B$29,2,FALSE))=FALSE,"",IF(ISNUMBER(G36),VLOOKUP($A36,List!$A$1:$B$29,2,FALSE))) | T36: =IF(IF(ISNUMBER(H36),VLOOKUP($A36,List!$A$1:$B$29,2,FALSE))=FALSE,"",IF(ISNUMBER(H36),VLOOKUP($A36,List!$A$1:$B$29,2,FALSE))) | U36: =IF(IF(ISNUMBER(I36),VLOOKUP($A36,List!$A$1:$B$29,2,FALSE))=FALSE,"",IF(ISNUMBER(I36),VLOOKUP($A36,List!$A$1:$B$29,2,FALSE))) | ... Y36: =IF(IF(ISNUMBER(M36),VLOOKUP($A36,List!$A$1:$B$29,2,FALSE))=FALSE,"",IF(ISNUMBER(M36),VLOOKUP($A36,List!$A$1:$B$29,2,FALSE)))
A37: 20 | B37: 0.67 | C37: NA | D37: NA | E37: NA | F37: NA | G37: NA | H37: NA | I37: NA | J37: NA | K37: NA | L37: NA | M37: NA | N37: =IF(IF(ISNUMBER(B37),VLOOKUP($A37,List!$A$1:$B$29,2,FALSE))=FALSE,"",IF(ISNUMBER(B37),VLOOKUP($A37,List!$A$1:$B$29,2,FALSE))) -> When not on my boat, I often find myself doing boating related activities | O37: =IF(IF(ISNUMBER(C37),VLOOKUP($A37,List!$A$1:$B$29,2,FALSE))=FALSE,"",IF(ISNUMBER(C37),VLOOKUP($A37,List!$A$1:$B$29,2,FALSE))) | P37: =IF(IF(ISNUMBER(D37),VLOOKUP($A37,List!$A$1:$B$29,2,FALSE))=FALSE,"",IF(ISNUMBER(D37),VLOOKUP($A37,List!$A$1:$B$29,2,FALSE))) | Q37: =IF(IF(ISNUMBER(E37),VLOOKUP($A37,List!$A$1:$B$29,2,FALSE))=FALSE,"",IF(ISNUMBER(E37),VLOOKUP($A37,List!$A$1:$B$29,2,FALSE))) | R37: =IF(IF(ISNUMBER(F37),VLOOKUP($A37,List!$A$1:$B$29,2,FALSE))=FALSE,"",IF(ISNUMBER(F37),VLOOKUP($A37,List!$A$1:$B$29,2,FALSE))) | S37: =IF(IF(ISNUMBER(G37),VLOOKUP($A37,List!$A$1:$B$29,2,FALSE))=FALSE,"",IF(ISNUMBER(G37),VLOOKUP($A37,List!$A$1:$B$29,2,FALSE))) | T37: =IF(IF(ISNUMBER(H37),VLOOKUP($A37,List!$A$1:$B$29,2,FALSE))=FALSE,"",IF(ISNUMBER(H37),VLOOKUP($A37,List!$A$1:$B$29,2,FALSE))) | U37: =IF(IF(ISNUMBER(I37),VLOOKUP($A37,List!$A$1:$B$29,2,FALSE))=FALSE,"",IF(ISNUMBER(I37),VLOOKUP($A37,List!$A$1:$B$29,2,FALSE))) | ... Y37: =IF(IF(ISNUMBER(M37),VLOOKUP($A37,List!$A$1:$B$29,2,FALSE))=FALSE,"",IF(ISNUMBER(M37),VLOOKUP($A37,List!$A$1:$B$29,2,FALSE)))
A38: 27 | B38: 0.66 | C38: NA | D38: NA | E38: NA | F38: NA | G38: NA | H38: NA | I38: NA | J38: NA | K38: NA | L38: NA | M38: NA | N38: =IF(IF(ISNUMBER(B38),VLOOKUP($A38,List!$A$1:$B$29,2,FALSE))=FALSE,"",IF(ISNUMBER(B38),VLOOKUP($A38,List!$A$1:$B$29,2,FALSE))) -> Boating is the number one thing I do with my spare time | O38: =IF(IF(ISNUMBER(C38),VLOOKUP($A38,List!$A$1:$B$29,2,FALSE))=FALSE,"",IF(ISNUMBER(C38),VLOOKUP($A38,List!$A$1:$B$29,2,FALSE))) | P38: =IF(IF(ISNUMBER(D38),VLOOKUP($A38,List!$A$1:$B$29,2,FALSE))=FALSE,"",IF(ISNUMBER(D38),VLOOKUP($A38,List!$A$1:$B$29,2,FALSE))) | Q38: =IF(IF(ISNUMBER(E38),VLOOKUP($A38,List!$A$1:$B$29,2,FALSE))=FALSE,"",IF(ISNUMBER(E38),VLOOKUP($A38,List!$A$1:$B$29,2,FALSE))) | R38: =IF(IF(ISNUMBER(F38),VLOOKUP($A38,List!$A$1:$B$29,2,FALSE))=FALSE,"",IF(ISNUMBER(F38),VLOOKUP($A38,List!$A$1:$B$29,2,FALSE))) | S38: =IF(IF(ISNUMBER(G38),VLOOKUP($A38,List!$A$1:$B$29,2,FALSE))=FALSE,"",IF(ISNUMBER(G38),VLOOKUP($A38,List!$A$1:$B$29,2,FALSE))) | T38: =IF(IF(ISNUMBER(H38),VLOOKUP($A38,List!$A$1:$B$29,2,FALSE))=FALSE,"",IF(ISNUMBER(H38),VLOOKUP($A38,List!$A$1:$B$29,2,FALSE))) | U38: =IF(IF(ISNUMBER(I38),VLOOKUP($A38,List!$A$1:$B$29,2,FALSE))=FALSE,"",IF(ISNUMBER(I38),VLOOKUP($A38,List!$A$1:$B$29,2,FALSE))) | ... Y38: =IF(IF(ISNUMBER(M38),VLOOKUP($A38,List!$A$1:$B$29,2,FALSE))=FALSE,"",IF(ISNUMBER(M38),VLOOKUP($A38,List!$A$1:$B$29,2,FALSE)))
A39: 3 | B39: 0.65 | C39: NA | D39: NA | E39: NA | F39: NA | G39: NA | H39: NA | I39: NA | J39: NA | K39: NA | L39: NA | M39: NA | N39: =IF(IF(ISNUMBER(B39),VLOOKUP($A39,List!$A$1:$B$29,2,FALSE))=FALSE,"",IF(ISNUMBER(B39),VLOOKUP($A39,List!$A$1:$B$29,2,FALSE))) -> The brand of the boat I buy says a lot about who I am | O39: =IF(IF(ISNUMBER(C39),VLOOKUP($A39,List!$A$1:$B$29,2,FALSE))=FALSE,"",IF(ISNUMBER(C39),VLOOKUP($A39,List!$A$1:$B$29,2,FALSE))) | P39: =IF(IF(ISNUMBER(D39),VLOOKUP($A39,List!$A$1:$B$29,2,FALSE))=FALSE,"",IF(ISNUMBER(D39),VLOOKUP($A39,List!$A$1:$B$29,2,FALSE))) | Q39: =IF(IF(ISNUMBER(E39),VLOOKUP($A39,List!$A$1:$B$29,2,FALSE))=FALSE,"",IF(ISNUMBER(E39),VLOOKUP($A39,List!$A$1:$B$29,2,FALSE))) | R39: =IF(IF(ISNUMBER(F39),VLOOKUP($A39,List!$A$1:$B$29,2,FALSE))=FALSE,"",IF(ISNUMBER(F39),VLOOKUP($A39,List!$A$1:$B$29,2,FALSE))) | S39: =IF(IF(ISNUMBER(G39),VLOOKUP($A39,List!$A$1:$B$29,2,FALSE))=FALSE,"",IF(ISNUMBER(G39),VLOOKUP($A39,List!$A$1:$B$29,2,FALSE))) | T39: =IF(IF(ISNUMBER(H39),VLOOKUP($A39,List!$A$1:$B$29,2,FALSE))=FALSE,"",IF(ISNUMBER(H39),VLOOKUP($A39,List!$A$1:$B$29,2,FALSE))) | U39: =IF(IF(ISNUMBER(I39),VLOOKUP($A39,List!$A$1:$B$29,2,FALSE))=FALSE,"",IF(ISNUMBER(I39),VLOOKUP($A39,List!$A$1:$B$29,2,FALSE))) | ... Y39: =IF(IF(ISNUMBER(M39),VLOOKUP($A39,List!$A$1:$B$29,2,FALSE))=FALSE,"",IF(ISNUMBER(M39),VLOOKUP($A39,List!$A$1:$B$29,2,FALSE)))
A40: 7 | B40: 0.65 | C40: NA | D40: NA | E40: NA | F40: NA | G40: NA | H40: NA | I40: NA | J40: NA | K40: NA | L40: NA | M40: NA | N40: =IF(IF(ISNUMBER(B40),VLOOKUP($A40,List!$A$1:$B$29,2,FALSE))=FALSE,"",IF(ISNUMBER(B40),VLOOKUP($A40,List!$A$1:$B$29,2,FALSE))) -> Owning a boat gives me a sense of achievement | O40: =IF(IF(ISNUMBER(C40),VLOOKUP($A40,List!$A$1:$B$29,2,FALSE))=FALSE,"",IF(ISNUMBER(C40),VLOOKUP($A40,List!$A$1:$B$29,2,FALSE))) | P40: =IF(IF(ISNUMBER(D40),VLOOKUP($A40,List!$A$1:$B$29,2,FALSE))=FALSE,"",IF(ISNUMBER(D40),VLOOKUP($A40,List!$A$1:$B$29,2,FALSE))) | Q40: =IF(IF(ISNUMBER(E40),VLOOKUP($A40,List!$A$1:$B$29,2,FALSE))=FALSE,"",IF(ISNUMBER(E40),VLOOKUP($A40,List!$A$1:$B$29,2,FALSE))) | R40: =IF(IF(ISNUMBER(F40),VLOOKUP($A40,List!$A$1:$B$29,2,FALSE))=FALSE,"",IF(ISNUMBER(F40),VLOOKUP($A40,List!$A$1:$B$29,2,FALSE))) | S40: =IF(IF(ISNUMBER(G40),VLOOKUP($A40,List!$A$1:$B$29,2,FALSE))=FALSE,"",IF(ISNUMBER(G40),VLOOKUP($A40,List!$A$1:$B$29,2,FALSE))) | T40: =IF(IF(ISNUMBER(H40),VLOOKUP($A40,List!$A$1:$B$29,2,FALSE))=FALSE,"",IF(ISNUMBER(H40),VLOOKUP($A40,List!$A$1:$B$29,2,FALSE))) | U40: =IF(IF(ISNUMBER(I40),VLOOKUP($A40,List!$A$1:$B$29,2,FALSE))=FALSE,"",IF(ISNUMBER(I40),VLOOKUP($A40,List!$A$1:$B$29,2,FALSE))) | ... Y40: =IF(IF(ISNUMBER(M40),VLOOKUP($A40,List!$A$1:$B$29,2,FALSE))=FALSE,"",IF(ISNUMBER(M40),VLOOKUP($A40,List!$A$1:$B$29,2,FALSE)))
A41: 15 | B41: 0.65 | C41: NA | D41: NA | E41: NA | F41: NA | G41: NA | H41: NA | I41: NA | J41: NA | K41: NA | L41: NA | M41: NA | N41: =IF(IF(ISNUMBER(B41),VLOOKUP($A41,List!$A$1:$B$29,2,FALSE))=FALSE,"",IF(ISNUMBER(B41),VLOOKUP($A41,List!$A$1:$B$29,2,FALSE))) -> I am serious about the technology on my boat | O41: =IF(IF(ISNUMBER(C41),VLOOKUP($A41,List!$A$1:$B$29,2,FALSE))=FALSE,"",IF(ISNUMBER(C41),VLOOKUP($A41,List!$A$1:$B$29,2,FALSE))) | P41: =IF(IF(ISNUMBER(D41),VLOOKUP($A41,List!$A$1:$B$29,2,FALSE))=FALSE,"",IF(ISNUMBER(D41),VLOOKUP($A41,List!$A$1:$B$29,2,FALSE))) | Q41: =IF(IF(ISNUMBER(E41),VLOOKUP($A41,List!$A$1:$B$29,2,FALSE))=FALSE,"",IF(ISNUMBER(E41),VLOOKUP($A41,List!$A$1:$B$29,2,FALSE))) | R41: =IF(IF(ISNUMBER(F41),VLOOKUP($A41,List!$A$1:$B$29,2,FALSE))=FALSE,"",IF(ISNUMBER(F41),VLOOKUP($A41,List!$A$1:$B$29,2,FALSE))) | S41: =IF(IF(ISNUMBER(G41),VLOOKUP($A41,List!$A$1:$B$29,2,FALSE))=FALSE,"",IF(ISNUMBER(G41),VLOOKUP($A41,List!$A$1:$B$29,2,FALSE))) | T41: =IF(IF(ISNUMBER(H41),VLOOKUP($A41,List!$A$1:$B$29,2,FALSE))=FALSE,"",IF(ISNUMBER(H41),VLOOKUP($A41,List!$A$1:$B$29,2,FALSE))) | U41: =IF(IF(ISNUMBER(I41),VLOOKUP($A41,List!$A$1:$B$29,2,FALSE))=FALSE,"",IF(ISNUMBER(I41),VLOOKUP($A41,List!$A$1:$B$29,2,FALSE))) | ... Y41: =IF(IF(ISNUMBER(M41),VLOOKUP($A41,List!$A$1:$B$29,2,FALSE))=FALSE,"",IF(ISNUMBER(M41),VLOOKUP($A41,List!$A$1:$B$29,2,FALSE)))
A42: 16 | B42: 0.65 | C42: NA | D42: NA | E42: NA | F42: NA | G42: NA | H42: NA | I42: NA | J42: NA | K42: NA | L42: NA | M42: NA | N42: =IF(IF(ISNUMBER(B42),VLOOKUP($A42,List!$A$1:$B$29,2,FALSE))=FALSE,"",IF(ISNUMBER(B42),VLOOKUP($A42,List!$A$1:$B$29,2,FALSE))) -> People tend to come to me for advice about boating | O42: =IF(IF(ISNUMBER(C42),VLOOKUP($A42,List!$A$1:$B$29,2,FALSE))=FALSE,"",IF(ISNUMBER(C42),VLOOKUP($A42,List!$A$1:$B$29,2,FALSE))) | P42: =IF(IF(ISNUMBER(D42),VLOOKUP($A42,List!$A$1:$B$29,2,FALSE))=FALSE,"",IF(ISNUMBER(D42),VLOOKUP($A42,List!$A$1:$B$29,2,FALSE))) | Q42: =IF(IF(ISNUMBER(E42),VLOOKUP($A42,List!$A$1:$B$29,2,FALSE))=FALSE,"",IF(ISNUMBER(E42),VLOOKUP($A42,List!$A$1:$B$29,2,FALSE))) | R42: =IF(IF(ISNUMBER(F42),VLOOKUP($A42,List!$A$1:$B$29,2,FALSE))=FALSE,"",IF(ISNUMBER(F42),VLOOKUP($A42,List!$A$1:$B$29,2,FALSE))) | S42: =IF(IF(ISNUMBER(G42),VLOOKUP($A42,List!$A$1:$B$29,2,FALSE))=FALSE,"",IF(ISNUMBER(G42),VLOOKUP($A42,List!$A$1:$B$29,2,FALSE))) | T42: =IF(IF(ISNUMBER(H42),VLOOKUP($A42,List!$A$1:$B$29,2,FALSE))=FALSE,"",IF(ISNUMBER(H42),VLOOKUP($A42,List!$A$1:$B$29,2,FALSE))) | U42: =IF(IF(ISNUMBER(I42),VLOOKUP($A42,List!$A$1:$B$29,2,FALSE))=FALSE,"",IF(ISNUMBER(I42),VLOOKUP($A42,List!$A$1:$B$29,2,FALSE))) | ... Y42: =IF(IF(ISNUMBER(M42),VLOOKUP($A42,List!$A$1:$B$29,2,FALSE))=FALSE,"",IF(ISNUMBER(M42),VLOOKUP($A42,List!$A$1:$B$29,2,FALSE)))
A43: 13 | B43: 0.64 | C43: NA | D43: NA | E43: NA | F43: NA | G43: NA | H43: NA | I43: NA | J43: NA | K43: NA | L43: NA | M43: NA | N43: =IF(IF(ISNUMBER(B43),VLOOKUP($A43,List!$A$1:$B$29,2,FALSE))=FALSE,"",IF(ISNUMBER(B43),VLOOKUP($A43,List!$A$1:$B$29,2,FALSE))) -> When buying a boat, I tend to buy the latest and greatest | O43: =IF(IF(ISNUMBER(C43),VLOOKUP($A43,List!$A$1:$B$29,2,FALSE))=FALSE,"",IF(ISNUMBER(C43),VLOOKUP($A43,List!$A$1:$B$29,2,FALSE))) | P43: =IF(IF(ISNUMBER(D43),VLOOKUP($A43,List!$A$1:$B$29,2,FALSE))=FALSE,"",IF(ISNUMBER(D43),VLOOKUP($A43,List!$A$1:$B$29,2,FALSE))) | Q43: =IF(IF(ISNUMBER(E43),VLOOKUP($A43,List!$A$1:$B$29,2,FALSE))=FALSE,"",IF(ISNUMBER(E43),VLOOKUP($A43,List!$A$1:$B$29,2,FALSE))) | R43: =IF(IF(ISNUMBER(F43),VLOOKUP($A43,List!$A$1:$B$29,2,FALSE))=FALSE,"",IF(ISNUMBER(F43),VLOOKUP($A43,List!$A$1:$B$29,2,FALSE))) | S43: =IF(IF(ISNUMBER(G43),VLOOKUP($A43,List!$A$1:$B$29,2,FALSE))=FALSE,"",IF(ISNUMBER(G43),VLOOKUP($A43,List!$A$1:$B$29,2,FALSE))) | T43: =IF(IF(ISNUMBER(H43),VLOOKUP($A43,List!$A$1:$B$29,2,FALSE))=FALSE,"",IF(ISNUMBER(H43),VLOOKUP($A43,List!$A$1:$B$29,2,FALSE))) | U43: =IF(IF(ISNUMBER(I43),VLOOKUP($A43,List!$A$1:$B$29,2,FALSE))=FALSE,"",IF(ISNUMBER(I43),VLOOKUP($A43,List!$A$1:$B$29,2,FALSE))) | ... Y43: =IF(IF(ISNUMBER(M43),VLOOKUP($A43,List!$A$1:$B$29,2,FALSE))=FALSE,"",IF(ISNUMBER(M43),VLOOKUP($A43,List!$A$1:$B$29,2,FALSE)))
A44: 25 | B44: 0.64 | C44: NA | D44: NA | E44: NA | F44: NA | G44: NA | H44: NA | I44: NA | J44: NA | K44: NA | L44: NA | M44: NA | N44: =IF(IF(ISNUMBER(B44),VLOOKUP($A44,List!$A$1:$B$29,2,FALSE))=FALSE,"",IF(ISNUMBER(B44),VLOOKUP($A44,List!$A$1:$B$29,2,FALSE))) -> Being in charge of my boat is what is most important to me | O44: =IF(IF(ISNUMBER(C44),VLOOKUP($A44,List!$A$1:$B$29,2,FALSE))=FALSE,"",IF(ISNUMBER(C44),VLOOKUP($A44,List!$A$1:$B$29,2,FALSE))) | P44: =IF(IF(ISNUMBER(D44),VLOOKUP($A44,List!$A$1:$B$29,2,FALSE))=FALSE,"",IF(ISNUMBER(D44),VLOOKUP($A44,List!$A$1:$B$29,2,FALSE))) | Q44: =IF(IF(ISNUMBER(E44),VLOOKUP($A44,List!$A$1:$B$29,2,FALSE))=FALSE,"",IF(ISNUMBER(E44),VLOOKUP($A44,List!$A$1:$B$29,2,FALSE))) | R44: =IF(IF(ISNUMBER(F44),VLOOKUP($A44,List!$A$1:$B$29,2,FALSE))=FALSE,"",IF(ISNUMBER(F44),VLOOKUP($A44,List!$A$1:$B$29,2,FALSE))) | S44: =IF(IF(ISNUMBER(G44),VLOOKUP($A44,List!$A$1:$B$29,2,FALSE))=FALSE,"",IF(ISNUMBER(G44),VLOOKUP($A44,List!$A$1:$B$29,2,FALSE))) | T44: =IF(IF(ISNUMBER(H44),VLOOKUP($A44,List!$A$1:$B$29,2,FALSE))=FALSE,"",IF(ISNUMBER(H44),VLOOKUP($A44,List!$A$1:$B$29,2,FALSE))) | U44: =IF(IF(ISNUMBER(I44),VLOOKUP($A44,List!$A$1:$B$29,2,FALSE))=FALSE,"",IF(ISNUMBER(I44),VLOOKUP($A44,List!$A$1:$B$29,2,FALSE))) | ... Y44: =IF(IF(ISNUMBER(M44),VLOOKUP($A44,List!$A$1:$B$29,2,FALSE))=FALSE,"",IF(ISNUMBER(M44),VLOOKUP($A44,List!$A$1:$B$29,2,FALSE)))
A45: 6 | B45: 0.63 | C45: NA | D45: NA | E45: NA | F45: NA | G45: NA | H45: NA | I45: NA | J45: NA | K45: NA | L45: NA | M45: NA | N45: =IF(IF(ISNUMBER(B45),VLOOKUP($A45,List!$A$1:$B$29,2,FALSE))=FALSE,"",IF(ISNUMBER(B45),VLOOKUP($A45,List!$A$1:$B$29,2,FALSE))) -> Owning a boat is a way of rewarding myself for hard work | O45: =IF(IF(ISNUMBER(C45),VLOOKUP($A45,List!$A$1:$B$29,2,FALSE))=FALSE,"",IF(ISNUMBER(C45),VLOOKUP($A45,List!$A$1:$B$29,2,FALSE))) | P45: =IF(IF(ISNUMBER(D45),VLOOKUP($A45,List!$A$1:$B$29,2,FALSE))=FALSE,"",IF(ISNUMBER(D45),VLOOKUP($A45,List!$A$1:$B$29,2,FALSE))) | Q45: =IF(IF(ISNUMBER(E45),VLOOKUP($A45,List!$A$1:$B$29,2,FALSE))=FALSE,"",IF(ISNUMBER(E45),VLOOKUP($A45,List!$A$1:$B$29,2,FALSE))) | R45: =IF(IF(ISNUMBER(F45),VLOOKUP($A45,List!$A$1:$B$29,2,FALSE))=FALSE,"",IF(ISNUMBER(F45),VLOOKUP($A45,List!$A$1:$B$29,2,FALSE))) | S45: =IF(IF(ISNUMBER(G45),VLOOKUP($A45,List!$A$1:$B$29,2,FALSE))=FALSE,"",IF(ISNUMBER(G45),VLOOKUP($A45,List!$A$1:$B$29,2,FALSE))) | T45: =IF(IF(ISNUMBER(H45),VLOOKUP($A45,List!$A$1:$B$29,2,FALSE))=FALSE,"",IF(ISNUMBER(H45),VLOOKUP($A45,List!$A$1:$B$29,2,FALSE))) | U45: =IF(IF(ISNUMBER(I45),VLOOKUP($A45,List!$A$1:$B$29,2,FALSE))=FALSE,"",IF(ISNUMBER(I45),VLOOKUP($A45,List!$A$1:$B$29,2,FALSE))) | ... Y45: =IF(IF(ISNUMBER(M45),VLOOKUP($A45,List!$A$1:$B$29,2,FALSE))=FALSE,"",IF(ISNUMBER(M45),VLOOKUP($A45,List!$A$1:$B$29,2,FALSE)))
A46: 26 | B46: 0.63 | C46: NA | D46: NA | E46: NA | F46: NA | G46: NA | H46: NA | I46: NA | J46: NA | K46: NA | L46: NA | M46: NA | N46: =IF(IF(ISNUMBER(B46),VLOOKUP($A46,List!$A$1:$B$29,2,FALSE))=FALSE,"",IF(ISNUMBER(B46),VLOOKUP($A46,List!$A$1:$B$29,2,FALSE))) -> Having a powerful boat is what is most important to me | O46: =IF(IF(ISNUMBER(C46),VLOOKUP($A46,List!$A$1:$B$29,2,FALSE))=FALSE,"",IF(ISNUMBER(C46),VLOOKUP($A46,List!$A$1:$B$29,2,FALSE))) | P46: =IF(IF(ISNUMBER(D46),VLOOKUP($A46,List!$A$1:$B$29,2,FALSE))=FALSE,"",IF(ISNUMBER(D46),VLOOKUP($A46,List!$A$1:$B$29,2,FALSE))) | Q46: =IF(IF(ISNUMBER(E46),VLOOKUP($A46,List!$A$1:$B$29,2,FALSE))=FALSE,"",IF(ISNUMBER(E46),VLOOKUP($A46,List!$A$1:$B$29,2,FALSE))) | R46: =IF(IF(ISNUMBER(F46),VLOOKUP($A46,List!$A$1:$B$29,2,FALSE))=FALSE,"",IF(ISNUMBER(F46),VLOOKUP($A46,List!$A$1:$B$29,2,FALSE))) | S46: =IF(IF(ISNUMBER(G46),VLOOKUP($A46,List!$A$1:$B$29,2,FALSE))=FALSE,"",IF(ISNUMBER(G46),VLOOKUP($A46,List!$A$1:$B$29,2,FALSE))) | T46: =IF(IF(ISNUMBER(H46),VLOOKUP($A46,List!$A$1:$B$29,2,FALSE))=FALSE,"",IF(ISNUMBER(H46),VLOOKUP($A46,List!$A$1:$B$29,2,FALSE))) | U46: =IF(IF(ISNUMBER(I46),VLOOKUP($A46,List!$A$1:$B$29,2,FALSE))=FALSE,"",IF(ISNUMBER(I46),VLOOKUP($A46,List!$A$1:$B$29,2,FALSE))) | ... Y46: =IF(IF(ISNUMBER(M46),VLOOKUP($A46,List!$A$1:$B$29,2,FALSE))=FALSE,"",IF(ISNUMBER(M46),VLOOKUP($A46,List!$A$1:$B$29,2,FALSE)))
... A52: 18 | B52: 0.55 | C52: NA | D52: NA | E52: NA | F52: NA | G52: NA | H52: NA | I52: NA | J52: NA | K52: NA | L52: NA | M52: NA | N52: =IF(IF(ISNUMBER(B52),VLOOKUP($A52,List!$A$1:$B$29,2,FALSE))=FALSE,"",IF(ISNUMBER(B52),VLOOKUP($A52,List!$A$1:$B$29,2,FALSE))) -> Boating gives me a feeling of adventure | O52: =IF(IF(ISNUMBER(C52),VLOOKUP($A52,List!$A$1:$B$29,2,FALSE))=FALSE,"",IF(ISNUMBER(C52),VLOOKUP($A52,List!$A$1:$B$29,2,FALSE))) | P52: =IF(IF(ISNUMBER(D52),VLOOKUP($A52,List!$A$1:$B$29,2,FALSE))=FALSE,"",IF(ISNUMBER(D52),VLOOKUP($A52,List!$A$1:$B$29,2,FALSE))) | Q52: =IF(IF(ISNUMBER(E52),VLOOKUP($A52,List!$A$1:$B$29,2,FALSE))=FALSE,"",IF(ISNUMBER(E52),VLOOKUP($A52,List!$A$1:$B$29,2,FALSE))) | R52: =IF(IF(ISNUMBER(F52),VLOOKUP($A52,List!$A$1:$B$29,2,FALSE))=FALSE,"",IF(ISNUMBER(F52),VLOOKUP($A52,List!$A$1:$B$29,2,FALSE))) | S52: =IF(IF(ISNUMBER(G52),VLOOKUP($A52,List!$A$1:$B$29,2,FALSE))=FALSE,"",IF(ISNUMBER(G52),VLOOKUP($A52,List!$A$1:$B$29,2,FALSE))) | T52: =IF(IF(ISNUMBER(H52),VLOOKUP($A52,List!$A$1:$B$29,2,FALSE))=FALSE,"",IF(ISNUMBER(H52),VLOOKUP($A52,List!$A$1:$B$29,2,FALSE))) | U52: =IF(IF(ISNUMBER(I52),VLOOKUP($A52,List!$A$1:$B$29,2,FALSE))=FALSE,"",IF(ISNUMBER(I52),VLOOKUP($A52,List!$A$1:$B$29,2,FALSE))) | ... Y52: =IF(IF(ISNUMBER(M52),VLOOKUP($A52,List!$A$1:$B$29,2,FALSE))=FALSE,"",IF(ISNUMBER(M52),VLOOKUP($A52,List!$A$1:$B$29,2,FALSE)))
A53: 24 | B53: NA | C53: NA | D53: NA | E53: NA | F53: NA | G53: NA | H53: NA | I53: NA | J53: NA | K53: NA | L53: NA | M53: NA | N53: =IF(IF(ISNUMBER(B53),VLOOKUP($A53,List!$A$1:$B$29,2,FALSE))=FALSE,"",IF(ISNUMBER(B53),VLOOKUP($A53,List!$A$1:$B$29,2,FALSE))) | O53: =IF(IF(ISNUMBER(C53),VLOOKUP($A53,List!$A$1:$B$29,2,FALSE))=FALSE,"",IF(ISNUMBER(C53),VLOOKUP($A53,List!$A$1:$B$29,2,FALSE))) | P53: =IF(IF(ISNUMBER(D53),VLOOKUP($A53,List!$A$1:$B$29,2,FALSE))=FALSE,"",IF(ISNUMBER(D53),VLOOKUP($A53,List!$A$1:$B$29,2,FALSE))) | Q53: =IF(IF(ISNUMBER(E53),VLOOKUP($A53,List!$A$1:$B$29,2,FALSE))=FALSE,"",IF(ISNUMBER(E53),VLOOKUP($A53,List!$A$1:$B$29,2,FALSE))) | R53: =IF(IF(ISNUMBER(F53),VLOOKUP($A53,List!$A$1:$B$29,2,FALSE))=FALSE,"",IF(ISNUMBER(F53),VLOOKUP($A53,List!$A$1:$B$29,2,FALSE))) | S53: =IF(IF(ISNUMBER(G53),VLOOKUP($A53,List!$A$1:$B$29,2,FALSE))=FALSE,"",IF(ISNUMBER(G53),VLOOKUP($A53,List!$A$1:$B$29,2,FALSE))) | T53: =IF(IF(ISNUMBER(H53),VLOOKUP($A53,List!$A$1:$B$29,2,FALSE))=FALSE,"",IF(ISNUMBER(H53),VLOOKUP($A53,List!$A$1:$B$29,2,FALSE))) | U53: =IF(IF(ISNUMBER(I53),VLOOKUP($A53,List!$A$1:$B$29,2,FALSE))=FALSE,"",IF(ISNUMBER(I53),VLOOKUP($A53,List!$A$1:$B$29,2,FALSE))) | ... Y53: =IF(IF(ISNUMBER(M53),VLOOKUP($A53,List!$A$1:$B$29,2,FALSE))=FALSE,"",IF(ISNUMBER(M53),VLOOKUP($A53,List!$A$1:$B$29,2,FALSE)))
A54: 21 | B54: NA | C54: 0.55 | D54: NA | E54: NA | F54: NA | G54: NA | H54: NA | I54: NA | J54: NA | K54: NA | L54: NA | M54: NA | N54: =IF(IF(ISNUMBER(B54),VLOOKUP($A54,List!$A$1:$B$29,2,FALSE))=FALSE,"",IF(ISNUMBER(B54),VLOOKUP($A54,List!$A$1:$B$29,2,FALSE))) | O54: =IF(IF(ISNUMBER(C54),VLOOKUP($A54,List!$A$1:$B$29,2,FALSE))=FALSE,"",IF(ISNUMBER(C54),VLOOKUP($A54,List!$A$1:$B$29,2,FALSE))) -> Boating helps me escape from everyday life and relax | P54: =IF(IF(ISNUMBER(D54),VLOOKUP($A54,List!$A$1:$B$29,2,FALSE))=FALSE,"",IF(ISNUMBER(D54),VLOOKUP($A54,List!$A$1:$B$29,2,FALSE))) | Q54: =IF(IF(ISNUMBER(E54),VLOOKUP($A54,List!$A$1:$B$29,2,FALSE))=FALSE,"",IF(ISNUMBER(E54),VLOOKUP($A54,List!$A$1:$B$29,2,FALSE))) | R54: =IF(IF(ISNUMBER(F54),VLOOKUP($A54,List!$A$1:$B$29,2,FALSE))=FALSE,"",IF(ISNUMBER(F54),VLOOKUP($A54,List!$A$1:$B$29,2,FALSE))) | S54: =IF(IF(ISNUMBER(G54),VLOOKUP($A54,List!$A$1:$B$29,2,FALSE))=FALSE,"",IF(ISNUMBER(G54),VLOOKUP($A54,List!$A$1:$B$29,2,FALSE))) | T54: =IF(IF(ISNUMBER(H54),VLOOKUP($A54,List!$A$1:$B$29,2,FALSE))=FALSE,"",IF(ISNUMBER(H54),VLOOKUP($A54,List!$A$1:$B$29,2,FALSE))) | U54: =IF(IF(ISNUMBER(I54),VLOOKUP($A54,List!$A$1:$B$29,2,FALSE))=FALSE,"",IF(ISNUMBER(I54),VLOOKUP($A54,List!$A$1:$B$29,2,FALSE))) | ... Y54: =IF(IF(ISNUMBER(M54),VLOOKUP($A54,List!$A$1:$B$29,2,FALSE))=FALSE,"",IF(ISNUMBER(M54),VLOOKUP($A54,List!$A$1:$B$29,2,FALSE)))
A55: 19 | B55: NA | C55: 0.56 | D55: NA | E55: NA | F55: NA | G55: NA | H55: NA | I55: NA | J55: NA | K55: NA | L55: NA | M55: NA | N55: =IF(IF(ISNUMBER(B55),VLOOKUP($A55,List!$A$1:$B$29,2,FALSE))=FALSE,"",IF(ISNUMBER(B55),VLOOKUP($A55,List!$A$1:$B$29,2,FALSE))) | O55: =IF(IF(ISNUMBER(C55),VLOOKUP($A55,List!$A$1:$B$29,2,FALSE))=FALSE,"",IF(ISNUMBER(C55),VLOOKUP($A55,List!$A$1:$B$29,2,FALSE))) -> Boating allows me to experience nature | P55: =IF(IF(ISNUMBER(D55),VLOOKUP($A55,List!$A$1:$B$29,2,FALSE))=FALSE,"",IF(ISNUMBER(D55),VLOOKUP($A55,List!$A$1:$B$29,2,FALSE))) | Q55: =IF(IF(ISNUMBER(E55),VLOOKUP($A55,List!$A$1:$B$29,2,FALSE))=FALSE,"",IF(ISNUMBER(E55),VLOOKUP($A55,List!$A$1:$B$29,2,FALSE))) | R55: =IF(IF(ISNUMBER(F55),VLOOKUP($A55,List!$A$1:$B$29,2,FALSE))=FALSE,"",IF(ISNUMBER(F55),VLOOKUP($A55,List!$A$1:$B$29,2,FALSE))) | S55: =IF(IF(ISNUMBER(G55),VLOOKUP($A55,List!$A$1:$B$29,2,FALSE))=FALSE,"",IF(ISNUMBER(G55),VLOOKUP($A55,List!$A$1:$B$29,2,FALSE))) | T55: =IF(IF(ISNUMBER(H55),VLOOKUP($A55,List!$A$1:$B$29,2,FALSE))=FALSE,"",IF(ISNUMBER(H55),VLOOKUP($A55,List!$A$1:$B$29,2,FALSE))) | U55: =IF(IF(ISNUMBER(I55),VLOOKUP($A55,List!$A$1:$B$29,2,FALSE))=FALSE,"",IF(ISNUMBER(I55),VLOOKUP($A55,List!$A$1:$B$29,2,FALSE))) | ... Y55: =IF(IF(ISNUMBER(M55),VLOOKUP($A55,List!$A$1:$B$29,2,FALSE))=FALSE,"",IF(ISNUMBER(M55),VLOOKUP($A55,List!$A$1:$B$29,2,FALSE)))
A56: 29 | B56: NA | C56: NA | D56: NA | E56: NA | F56: NA | G56: NA | H56: NA | I56: NA | J56: 0.62 | K56: NA | L56: NA | M56: NA | N56: =IF(IF(ISNUMBER(B56),VLOOKUP($A56,List!$A$1:$B$29,2,FALSE))=FALSE,"",IF(ISNUMBER(B56),VLOOKUP($A56,List!$A$1:$B$29,2,FALSE))) | O56: =IF(IF(ISNUMBER(C56),VLOOKUP($A56,List!$A$1:$B$29,2,FALSE))=FALSE,"",IF(ISNUMBER(C56),VLOOKUP($A56,List!$A$1:$B$29,2,FALSE))) | P56: =IF(IF(ISNUMBER(D56),VLOOKUP($A56,List!$A$1:$B$29,2,FALSE))=FALSE,"",IF(ISNUMBER(D56),VLOOKUP($A56,List!$A$1:$B$29,2,FALSE))) | Q56: =IF(IF(ISNUMBER(E56),VLOOKUP($A56,List!$A$1:$B$29,2,FALSE))=FALSE,"",IF(ISNUMBER(E56),VLOOKUP($A56,List!$A$1:$B$29,2,FALSE))) | R56: =IF(IF(ISNUMBER(F56),VLOOKUP($A56,List!$A$1:$B$29,2,FALSE))=FALSE,"",IF(ISNUMBER(F56),VLOOKUP($A56,List!$A$1:$B$29,2,FALSE))) | S56: =IF(IF(ISNUMBER(G56),VLOOKUP($A56,List!$A$1:$B$29,2,FALSE))=FALSE,"",IF(ISNUMBER(G56),VLOOKUP($A56,List!$A$1:$B$29,2,FALSE))) | T56: =IF(IF(ISNUMBER(H56),VLOOKUP($A56,List!$A$1:$B$29,2,FALSE))=FALSE,"",IF(ISNUMBER(H56),VLOOKUP($A56,List!$A$1:$B$29,2,FALSE))) | U56: =IF(IF(ISNUMBER(I56),VLOOKUP($A56,List!$A$1:$B$29,2,FALSE))=FALSE,"",IF(ISNUMBER(I56),VLOOKUP($A56,List!$A$1:$B$29,2,FALSE))) | ... Y56: =IF(IF(ISNUMBER(M56),VLOOKUP($A56,List!$A$1:$B$29,2,FALSE))=FALSE,"",IF(ISNUMBER(M56),VLOOKUP($A56,List!$A$1:$B$29,2,FALSE)))
A57: 4 | B57: NA | C57: NA | D57: NA | E57: NA | F57: NA | G57: NA | H57: NA | I57: NA | J57: NA | K57: NA | L57: NA | M57: NA | N57: =IF(IF(ISNUMBER(B57),VLOOKUP($A57,List!$A$1:$B$29,2,FALSE))=FALSE,"",IF(ISNUMBER(B57),VLOOKUP($A57,List!$A$1:$B$29,2,FALSE))) | O57: =IF(IF(ISNUMBER(C57),VLOOKUP($A57,List!$A$1:$B$29,2,FALSE))=FALSE,"",IF(ISNUMBER(C57),VLOOKUP($A57,List!$A$1:$B$29,2,FALSE))) | P57: =IF(IF(ISNUMBER(D57),VLOOKUP($A57,List!$A$1:$B$29,2,FALSE))=FALSE,"",IF(ISNUMBER(D57),VLOOKUP($A57,List!$A$1:$B$29,2,FALSE))) | Q57: =IF(IF(ISNUMBER(E57),VLOOKUP($A57,List!$A$1:$B$29,2,FALSE))=FALSE,"",IF(ISNUMBER(E57),VLOOKUP($A57,List!$A$1:$B$29,2,FALSE))) | R57: =IF(IF(ISNUMBER(F57),VLOOKUP($A57,List!$A$1:$B$29,2,FALSE))=FALSE,"",IF(ISNUMBER(F57),VLOOKUP($A57,List!$A$1:$B$29,2,FALSE))) | S57: =IF(IF(ISNUMBER(G57),VLOOKUP($A57,List!$A$1:$B$29,2,FALSE))=FALSE,"",IF(ISNUMBER(G57),VLOOKUP($A57,List!$A$1:$B$29,2,FALSE))) | T57: =IF(IF(ISNUMBER(H57),VLOOKUP($A57,List!$A$1:$B$29,2,FALSE))=FALSE,"",IF(ISNUMBER(H57),VLOOKUP($A57,List!$A$1:$B$29,2,FALSE))) | U57: =IF(IF(ISNUMBER(I57),VLOOKUP($A57,List!$A$1:$B$29,2,FALSE))=FALSE,"",IF(ISNUMBER(I57),VLOOKUP($A57,List!$A$1:$B$29,2,FALSE))) | ... Y57: =IF(IF(ISNUMBER(M57),VLOOKUP($A57,List!$A$1:$B$29,2,FALSE))=FALSE,"",IF(ISNUMBER(M57),VLOOKUP($A57,List!$A$1:$B$29,2,FALSE)))
A58: 1 | B58: NA | C58: NA | D58: NA | E58: NA | F58: NA | G58: NA | H58: -0.58 | I58: NA | J58: NA | K58: NA | L58: NA | M58: NA | N58: =IF(IF(ISNUMBER(B58),VLOOKUP($A58,List!$A$1:$B$29,2,FALSE))=FALSE,"",IF(ISNUMBER(B58),VLOOKUP($A58,List!$A$1:$B$29,2,FALSE))) | O58: =IF(IF(ISNUMBER(C58),VLOOKUP($A58,List!$A$1:$B$29,2,FALSE))=FALSE,"",IF(ISNUMBER(C58),VLOOKUP($A58,List!$A$1:$B$29,2,FALSE))) | P58: =IF(IF(ISNUMBER(D58),VLOOKUP($A58,List!$A$1:$B$29,2,FALSE))=FALSE,"",IF(ISNUMBER(D58),VLOOKUP($A58,List!$A$1:$B$29,2,FALSE))) | Q58: =IF(IF(ISNUMBER(E58),VLOOKUP($A58,List!$A$1:$B$29,2,FALSE))=FALSE,"",IF(ISNUMBER(E58),VLOOKUP($A58,List!$A$1:$B$29,2,FALSE))) | R58: =IF(IF(ISNUMBER(F58),VLOOKUP($A58,List!$A$1:$B$29,2,FALSE))=FALSE,"",IF(ISNUMBER(F58),VLOOKUP($A58,List!$A$1:$B$29,2,FALSE))) | S58: =IF(IF(ISNUMBER(G58),VLOOKUP($A58,List!$A$1:$B$29,2,FALSE))=FALSE,"",IF(ISNUMBER(G58),VLOOKUP($A58,List!$A$1:$B$29,2,FALSE))) | T58: =IF(IF(ISNUMBER(H58),VLOOKUP($A58,List!$A$1:$B$29,2,FALSE))=FALSE,"",IF(ISNUMBER(H58),VLOOKUP($A58,List!$A$1:$B$29,2,FALSE))) -> When buying a boat, I do a lot of shopping around and visit multiple dealers | U58: =IF(IF(ISNUMBER(I58),VLOOKUP($A58,List!$A$1:$B$29,2,FALSE))=FALSE,"",IF(ISNUMBER(I58),VLOOKUP($A58,List!$A$1:$B$29,2,FALSE))) | ... Y58: =IF(IF(ISNUMBER(M58),VLOOKUP($A58,List!$A$1:$B$29,2,FALSE))=FALSE,"",IF(ISNUMBER(M58),VLOOKUP($A58,List!$A$1:$B$29,2,FALSE)))
A59: 11 | B59: NA | C59: NA | D59: NA | E59: -0.51 | F59: NA | G59: NA | H59: NA | I59: NA | J59: NA | K59: NA | L59: NA | M59: NA | N59: =IF(IF(ISNUMBER(B59),VLOOKUP($A59,List!$A$1:$B$29,2,FALSE))=FALSE,"",IF(ISNUMBER(B59),VLOOKUP($A59,List!$A$1:$B$29,2,FALSE))) | O59: =IF(IF(ISNUMBER(C59),VLOOKUP($A59,List!$A$1:$B$29,2,FALSE))=FALSE,"",IF(ISNUMBER(C59),VLOOKUP($A59,List!$A$1:$B$29,2,FALSE))) | P59: =IF(IF(ISNUMBER(D59),VLOOKUP($A59,List!$A$1:$B$29,2,FALSE))=FALSE,"",IF(ISNUMBER(D59),VLOOKUP($A59,List!$A$1:$B$29,2,FALSE))) | Q59: =IF(IF(ISNUMBER(E59),VLOOKUP($A59,List!$A$1:$B$29,2,FALSE))=FALSE,"",IF(ISNUMBER(E59),VLOOKUP($A59,List!$A$1:$B$29,2,FALSE))) -> I tend to perform minor boat repairs and maintenance on my own | R59: =IF(IF(ISNUMBER(F59),VLOOKUP($A59,List!$A$1:$B$29,2,FALSE))=FALSE,"",IF(ISNUMBER(F59),VLOOKUP($A59,List!$A$1:$B$29,2,FALSE))) | S59: =IF(IF(ISNUMBER(G59),VLOOKUP($A59,List!$A$1:$B$29,2,FALSE))=FALSE,"",IF(ISNUMBER(G59),VLOOKUP($A59,List!$A$1:$B$29,2,FALSE))) | T59: =IF(IF(ISNUMBER(H59),VLOOKUP($A59,List!$A$1:$B$29,2,FALSE))=FALSE,"",IF(ISNUMBER(H59),VLOOKUP($A59,List!$A$1:$B$29,2,FALSE))) | U59: =IF(IF(ISNUMBER(I59),VLOOKUP($A59,List!$A$1:$B$29,2,FALSE))=FALSE,"",IF(ISNUMBER(I59),VLOOKUP($A59,List!$A$1:$B$29,2,FALSE))) | ... Y59: =IF(IF(ISNUMBER(M59),VLOOKUP($A59,List!$A$1:$B$29,2,FALSE))=FALSE,"",IF(ISNUMBER(M59),VLOOKUP($A59,List!$A$1:$B$29,2,FALSE)))
A60: 10 | B60: NA | C60: NA | D60: NA | E60: 0.62 | F60: NA | G60: NA | H60: NA | I60: NA | J60: NA | K60: NA | L60: NA | M60: NA | N60: =IF(IF(ISNUMBER(B60),VLOOKUP($A60,List!$A$1:$B$29,2,FALSE))=FALSE,"",IF(ISNUMBER(B60),VLOOKUP($A60,List!$A$1:$B$29,2,FALSE))) | O60: =IF(IF(ISNUMBER(C60),VLOOKUP($A60,List!$A$1:$B$29,2,FALSE))=FALSE,"",IF(ISNUMBER(C60),VLOOKUP($A60,List!$A$1:$B$29,2,FALSE))) | P60: =IF(IF(ISNUMBER(D60),VLOOKUP($A60,List!$A$1:$B$29,2,FALSE))=FALSE,"",IF(ISNUMBER(D60),VLOOKUP($A60,List!$A$1:$B$29,2,FALSE))) | Q60: =IF(IF(ISNUMBER(E60),VLOOKUP($A60,List!$A$1:$B$29,2,FALSE))=FALSE,"",IF(ISNUMBER(E60),VLOOKUP($A60,List!$A$1:$B$29,2,FALSE))) -> When buying a boat, I rely more on expert opinion than my own | R60: =IF(IF(ISNUMBER(F60),VLOOKUP($A60,List!$A$1:$B$29,2,FALSE))=FALSE,"",IF(ISNUMBER(F60),VLOOKUP($A60,List!$A$1:$B$29,2,FALSE))) | S60: =IF(IF(ISNUMBER(G60),VLOOKUP($A60,List!$A$1:$B$29,2,FALSE))=FALSE,"",IF(ISNUMBER(G60),VLOOKUP($A60,List!$A$1:$B$29,2,FALSE))) | T60: =IF(IF(ISNUMBER(H60),VLOOKUP($A60,List!$A$1:$B$29,2,FALSE))=FALSE,"",IF(ISNUMBER(H60),VLOOKUP($A60,List!$A$1:$B$29,2,FALSE))) | U60: =IF(IF(ISNUMBER(I60),VLOOKUP($A60,List!$A$1:$B$29,2,FALSE))=FALSE,"",IF(ISNUMBER(I60),VLOOKUP($A60,List!$A$1:$B$29,2,FALSE))) | ... Y60: =IF(IF(ISNUMBER(M60),VLOOKUP($A60,List!$A$1:$B$29,2,FALSE))=FALSE,"",IF(ISNUMBER(M60),VLOOKUP($A60,List!$A$1:$B$29,2,FALSE)))
A61: 8 | B61: NA | C61: NA | D61: 0.56 | E61: NA | F61: NA | G61: NA | H61: NA | I61: NA | J61: NA | K61: NA | L61: NA | M61: NA | N61: =IF(IF(ISNUMBER(B61),VLOOKUP($A61,List!$A$1:$B$29,2,FALSE))=FALSE,"",IF(ISNUMBER(B61),VLOOKUP($A61,List!$A$1:$B$29,2,FALSE))) | O61: =IF(IF(ISNUMBER(C61),VLOOKUP($A61,List!$A$1:$B$29,2,FALSE))=FALSE,"",IF(ISNUMBER(C61),VLOOKUP($A61,List!$A$1:$B$29,2,FALSE))) | P61: =IF(IF(ISNUMBER(D61),VLOOKUP($A61,List!$A$1:$B$29,2,FALSE))=FALSE,"",IF(ISNUMBER(D61),VLOOKUP($A61,List!$A$1:$B$29,2,FALSE))) -> When buying a boat, functionality is more important than style | Q61: =IF(IF(ISNUMBER(E61),VLOOKUP($A61,List!$A$1:$B$29,2,FALSE))=FALSE,"",IF(ISNUMBER(E61),VLOOKUP($A61,List!$A$1:$B$29,2,FALSE))) | R61: =IF(IF(ISNUMBER(F61),VLOOKUP($A61,List!$A$1:$B$29,2,FALSE))=FALSE,"",IF(ISNUMBER(F61),VLOOKUP($A61,List!$A$1:$B$29,2,FALSE))) | S61: =IF(IF(ISNUMBER(G61),VLOOKUP($A61,List!$A$1:$B$29,2,FALSE))=FALSE,"",IF(ISNUMBER(G61),VLOOKUP($A61,List!$A$1:$B$29,2,FALSE))) | T61: =IF(IF(ISNUMBER(H61),VLOOKUP($A61,List!$A$1:$B$29,2,FALSE))=FALSE,"",IF(ISNUMBER(H61),VLOOKUP($A61,List!$A$1:$B$29,2,FALSE))) | U61: =IF(IF(ISNUMBER(I61),VLOOKUP($A61,List!$A$1:$B$29,2,FALSE))=FALSE,"",IF(ISNUMBER(I61),VLOOKUP($A61,List!$A$1:$B$29,2,FALSE))) | ... Y61: =IF(IF(ISNUMBER(M61),VLOOKUP($A61,List!$A$1:$B$29,2,FALSE))=FALSE,"",IF(ISNUMBER(M61),VLOOKUP($A61,List!$A$1:$B$29,2,FALSE)))
A62: 2 | B62: NA | C62: NA | D62: 0.63 | E62: NA | F62: NA | G62: NA | H62: NA | I62: NA | J62: NA | K62: NA | L62: NA | M62: NA | N62: =IF(IF(ISNUMBER(B62),VLOOKUP($A62,List!$A$1:$B$29,2,FALSE))=FALSE,"",IF(ISNUMBER(B62),VLOOKUP($A62,List!$A$1:$B$29,2,FALSE))) | O62: =IF(IF(ISNUMBER(C62),VLOOKUP($A62,List!$A$1:$B$29,2,FALSE))=FALSE,"",IF(ISNUMBER(C62),VLOOKUP($A62,List!$A$1:$B$29,2,FALSE))) | P62: =IF(IF(ISNUMBER(D62),VLOOKUP($A62,List!$A$1:$B$29,2,FALSE))=FALSE,"",IF(ISNUMBER(D62),VLOOKUP($A62,List!$A$1:$B$29,2,FALSE))) -> When buying a bot, getting the lowest P is more important than brand | Q62: =IF(IF(ISNUMBER(E62),VLOOKUP($A62,List!$A$1:$B$29,2,FALSE))=FALSE,"",IF(ISNUMBER(E62),VLOOKUP($A62,List!$A$1:$B$29,2,FALSE))) | R62: =IF(IF(ISNUMBER(F62),VLOOKUP($A62,List!$A$1:$B$29,2,FALSE))=FALSE,"",IF(ISNUMBER(F62),VLOOKUP($A62,List!$A$1:$B$29,2,FALSE))) | S62: =IF(IF(ISNUMBER(G62),VLOOKUP($A62,List!$A$1:$B$29,2,FALSE))=FALSE,"",IF(ISNUMBER(G62),VLOOKUP($A62,List!$A$1:$B$29,2,FALSE))) | T62: =IF(IF(ISNUMBER(H62),VLOOKUP($A62,List!$A$1:$B$29,2,FALSE))=FALSE,"",IF(ISNUMBER(H62),VLOOKUP($A62,List!$A$1:$B$29,2,FALSE))) | U62: =IF(IF(ISNUMBER(I62),VLOOKUP($A62,List!$A$1:$B$29,2,FALSE))=FALSE,"",IF(ISNUMBER(I62),VLOOKUP($A62,List!$A$1:$B$29,2,FALSE))) | ... Y62: =IF(IF(ISNUMBER(M62),VLOOKUP($A62,List!$A$1:$B$29,2,FALSE))=FALSE,"",IF(ISNUMBER(M62),VLOOKUP($A62,List!$A$1:$B$29,2,FALSE)))
A63: 12 | B63: NA | C63: NA | D63: 0.67 | E63: NA | F63: NA | G63: NA | H63: NA | I63: NA | J63: NA | K63: NA | L63: NA | M63: NA | N63: =IF(IF(ISNUMBER(B63),VLOOKUP($A63,List!$A$1:$B$29,2,FALSE))=FALSE,"",IF(ISNUMBER(B63),VLOOKUP($A63,List!$A$1:$B$29,2,FALSE))) | O63: =IF(IF(ISNUMBER(C63),VLOOKUP($A63,List!$A$1:$B$29,2,FALSE))=FALSE,"",IF(ISNUMBER(C63),VLOOKUP($A63,List!$A$1:$B$29,2,FALSE))) | P63: =IF(IF(ISNUMBER(D63),VLOOKUP($A63,List!$A$1:$B$29,2,FALSE))=FALSE,"",IF(ISNUMBER(D63),VLOOKUP($A63,List!$A$1:$B$29,2,FALSE))) -> When it comes to boating, I tend to prefer a basic boat with little to no frills | Q63: =IF(IF(ISNUMBER(E63),VLOOKUP($A63,List!$A$1:$B$29,2,FALSE))=FALSE,"",IF(ISNUMBER(E63),VLOOKUP($A63,List!$A$1:$B$29,2,FALSE))) | R63: =IF(IF(ISNUMBER(F63),VLOOKUP($A63,List!$A$1:$B$29,2,FALSE))=FALSE,"",IF(ISNUMBER(F63),VLOOKUP($A63,List!$A$1:$B$29,2,FALSE))) | S63: =IF(IF(ISNUMBER(G63),VLOOKUP($A63,List!$A$1:$B$29,2,FALSE))=FALSE,"",IF(ISNUMBER(G63),VLOOKUP($A63,List!$A$1:$B$29,2,FALSE))) | T63: =IF(IF(ISNUMBER(H63),VLOOKUP($A63,List!$A$1:$B$29,2,FALSE))=FALSE,"",IF(ISNUMBER(H63),VLOOKUP($A63,List!$A$1:$B$29,2,FALSE))) | U63: =IF(IF(ISNUMBER(I63),VLOOKUP($A63,List!$A$1:$B$29,2,FALSE))=FALSE,"",IF(ISNUMBER(I63),VLOOKUP($A63,List!$A$1:$B$29,2,FALSE))) | ... Y63: =IF(IF(ISNUMBER(M63),VLOOKUP($A63,List!$A$1:$B$29,2,FALSE))=FALSE,"",IF(ISNUMBER(M63),VLOOKUP($A63,List!$A$1:$B$29,2,FALSE)))
A65: PROMAX
A66: QUESTION | B66: Comp.1 | C66: Comp.2 | D66: Comp.3 | E66: Comp.4 | F66: Comp.5 | G66: Comp.6 | H66: Comp.7 | I66: Comp.8 | J66: Comp.9 | K66: Comp.10 | L66: Comp.11 | M66: Comp.12 | N66: Boat Enthusiast? | O66: Early adopter? | P66: Adventurer? | Q66: Do you value Status? | R66: Cheapo? | S66: could add up to cheapo / DIY | T66: Status? | U66: Do you rely on expert opinion? | V66: Possibly cheapo of geek | W66: Cheapo possibly or deal hunter | X66: RANKComp.11 | Y66: RANKComp.12
A67: 27 | B67: 0.96 | C67: NA | D67: NA | E67: NA | F67: NA | G67: NA | H67: NA | I67: NA | J67: NA | K67: NA | L67: NA | M67: NA | N67: =IF(IF(ISNUMBER(B67),VLOOKUP($A67,List!$A$1:$B$29,2,FALSE))=FALSE,"",IF(ISNUMBER(B67),VLOOKUP($A67,List!$A$1:$B$29,2,FALSE))) -> Boating is the number one thing I do with my spare time | O67: =IF(IF(ISNUMBER(C67),VLOOKUP($A67,List!$A$1:$B$29,2,FALSE))=FALSE,"",IF(ISNUMBER(C67),VLOOKUP($A67,List!$A$1:$B$29,2,FALSE))) | P67: =IF(IF(ISNUMBER(D67),VLOOKUP($A67,List!$A$1:$B$29,2,FALSE))=FALSE,"",IF(ISNUMBER(D67),VLOOKUP($A67,List!$A$1:$B$29,2,FALSE))) | Q67: =IF(IF(ISNUMBER(E67),VLOOKUP($A67,List!$A$1:$B$29,2,FALSE))=FALSE,"",IF(ISNUMBER(E67),VLOOKUP($A67,List!$A$1:$B$29,2,FALSE))) | R67: =IF(IF(ISNUMBER(F67),VLOOKUP($A67,List!$A$1:$B$29,2,FALSE))=FALSE,"",IF(ISNUMBER(F67),VLOOKUP($A67,List!$A$1:$B$29,2,FALSE))) | S67: =IF(IF(ISNUMBER(G67),VLOOKUP($A67,List!$A$1:$B$29,2,FALSE))=FALSE,"",IF(ISNUMBER(G67),VLOOKUP($A67,List!$A$1:$B$29,2,FALSE))) | T67: =IF(IF(ISNUMBER(H67),VLOOKUP($A67,List!$A$1:$B$29,2,FALSE))=FALSE,"",IF(ISNUMBER(H67),VLOOKUP($A67,List!$A$1:$B$29,2,FALSE))) | U67: =IF(IF(ISNUMBER(I67),VLOOKUP($A67,List!$A$1:$B$29,2,FALSE))=FALSE,"",IF(ISNUMBER(I67),VLOOKUP($A67,List!$A$1:$B$29,2,FALSE))) | ... Y67: =IF(IF(ISNUMBER(M67),VLOOKUP($A67,List!$A$1:$B$29,2,FALSE))=FALSE,"",IF(ISNUMBER(M67),VLOOKUP($A67,List!$A$1:$B$29,2,FALSE)))
A68: 28 | B68: 0.91 | C68: NA | D68: NA | E68: NA | F68: NA | G68: NA | H68: NA | I68: NA | J68: NA | K68: NA | L68: NA | M68: NA | N68: =IF(IF(ISNUMBER(B68),VLOOKUP($A68,List!$A$1:$B$29,2,FALSE))=FALSE,"",IF(ISNUMBER(B68),VLOOKUP($A68,List!$A$1:$B$29,2,FALSE))) -> Boating is my true passion in life | O68: =IF(IF(ISNUMBER(C68),VLOOKUP($A68,List!$A$1:$B$29,2,FALSE))=FALSE,"",IF(ISNUMBER(C68),VLOOKUP($A68,List!$A$1:$B$29,2,FALSE))) | P68: =IF(IF(ISNUMBER(D68),VLOOKUP($A68,List!$A$1:$B$29,2,FALSE))=FALSE,"",IF(ISNUMBER(D68),VLOOKUP($A68,List!$A$1:$B$29,2,FALSE))) | Q68: =IF(IF(ISNUMBER(E68),VLOOKUP($A68,List!$A$1:$B$29,2,FALSE))=FALSE,"",IF(ISNUMBER(E68),VLOOKUP($A68,List!$A$1:$B$29,2,FALSE))) | R68: =IF(IF(ISNUMBER(F68),VLOOKUP($A68,List!$A$1:$B$29,2,FALSE))=FALSE,"",IF(ISNUMBER(F68),VLOOKUP($A68,List!$A$1:$B$29,2,FALSE))) | S68: =IF(IF(ISNUMBER(G68),VLOOKUP($A68,List!$A$1:$B$29,2,FALSE))=FALSE,"",IF(ISNUMBER(G68),VLOOKUP($A68,List!$A$1:$B$29,2,FALSE))) | T68: =IF(IF(ISNUMBER(H68),VLOOKUP($A68,List!$A$1:$B$29,2,FALSE))=FALSE,"",IF(ISNUMBER(H68),VLOOKUP($A68,List!$A$1:$B$29,2,FALSE))) | U68: =IF(IF(ISNUMBER(I68),VLOOKUP($A68,List!$A$1:$B$29,2,FALSE))=FALSE,"",IF(ISNUMBER(I68),VLOOKUP($A68,List!$A$1:$B$29,2,FALSE))) | ... Y68: =IF(IF(ISNUMBER(M68),VLOOKUP($A68,List!$A$1:$B$29,2,FALSE))=FALSE,"",IF(ISNUMBER(M68),VLOOKUP($A68,List!$A$1:$B$29,2,FALSE)))
A69: 20 | B69: 0.67 | C69: NA | D69: NA | E69: NA | F69: NA | G69: NA | H69: NA | I69: NA | J69: NA | K69: NA | L69: NA | M69: NA | N69: =IF(IF(ISNUMBER(B69),VLOOKUP($A69,List!$A$1:$B$29,2,FALSE))=FALSE,"",IF(ISNUMBER(B69),VLOOKUP($A69,List!$A$1:$B$29,2,FALSE))) -> When not on my boat, I often find myself doing boating related activities | O69: =IF(IF(ISNUMBER(C69),VLOOKUP($A69,List!$A$1:$B$29,2,FALSE))=FALSE,"",IF(ISNUMBER(C69),VLOOKUP($A69,List!$A$1:$B$29,2,FALSE))) | P69: =IF(IF(ISNUMBER(D69),VLOOKUP($A69,List!$A$1:$B$29,2,FALSE))=FALSE,"",IF(ISNUMBER(D69),VLOOKUP($A69,List!$A$1:$B$29,2,FALSE))) | Q69: =IF(IF(ISNUMBER(E69),VLOOKUP($A69,List!$A$1:$B$29,2,FALSE))=FALSE,"",IF(ISNUMBER(E69),VLOOKUP($A69,List!$A$1:$B$29,2,FALSE))) | R69: =IF(IF(ISNUMBER(F69),VLOOKUP($A69,List!$A$1:$B$29,2,FALSE))=FALSE,"",IF(ISNUMBER(F69),VLOOKUP($A69,List!$A$1:$B$29,2,FALSE))) | S69: =IF(IF(ISNUMBER(G69),VLOOKUP($A69,List!$A$1:$B$29,2,FALSE))=FALSE,"",IF(ISNUMBER(G69),VLOOKUP($A69,List!$A$1:$B$29,2,FALSE))) | T69: =IF(IF(ISNUMBER(H69),VLOOKUP($A69,List!$A$1:$B$29,2,FALSE))=FALSE,"",IF(ISNUMBER(H69),VLOOKUP($A69,List!$A$1:$B$29,2,FALSE))) | U69: =IF(IF(ISNUMBER(I69),VLOOKUP($A69,List!$A$1:$B$29,2,FALSE))=FALSE,"",IF(ISNUMBER(I69),VLOOKUP($A69,List!$A$1:$B$29,2,FALSE))) | ... Y69: =IF(IF(ISNUMBER(M69),VLOOKUP($A69,List!$A$1:$B$29,2,FALSE))=FALSE,"",IF(ISNUMBER(M69),VLOOKUP($A69,List!$A$1:$B$29,2,FALSE)))
A70: 23 | B70: 0.66 | C70: NA | D70: NA | E70: NA | F70: NA | G70: NA | H70: NA | I70: NA | J70: NA | K70: NA | L70: NA | M70: NA | N70: =IF(IF(ISNUMBER(B70),VLOOKUP($A70,List!$A$1:$B$29,2,FALSE))=FALSE,"",IF(ISNUMBER(B70),VLOOKUP($A70,List!$A$1:$B$29,2,FALSE))) -> Boating allows me to excel in the sports that I am passionate about | O70: =IF(IF(ISNUMBER(C70),VLOOKUP($A70,List!$A$1:$B$29,2,FALSE))=FALSE,"",IF(ISNUMBER(C70),VLOOKUP($A70,List!$A$1:$B$29,2,FALSE))) | P70: =IF(IF(ISNUMBER(D70),VLOOKUP($A70,List!$A$1:$B$29,2,FALSE))=FALSE,"",IF(ISNUMBER(D70),VLOOKUP($A70,List!$A$1:$B$29,2,FALSE))) | Q70: =IF(IF(ISNUMBER(E70),VLOOKUP($A70,List!$A$1:$B$29,2,FALSE))=FALSE,"",IF(ISNUMBER(E70),VLOOKUP($A70,List!$A$1:$B$29,2,FALSE))) | R70: =IF(IF(ISNUMBER(F70),VLOOKUP($A70,List!$A$1:$B$29,2,FALSE))=FALSE,"",IF(ISNUMBER(F70),VLOOKUP($A70,List!$A$1:$B$29,2,FALSE))) | S70: =IF(IF(ISNUMBER(G70),VLOOKUP($A70,List!$A$1:$B$29,2,FALSE))=FALSE,"",IF(ISNUMBER(G70),VLOOKUP($A70,List!$A$1:$B$29,2,FALSE))) | T70: =IF(IF(ISNUMBER(H70),VLOOKUP($A70,List!$A$1:$B$29,2,FALSE))=FALSE,"",IF(ISNUMBER(H70),VLOOKUP($A70,List!$A$1:$B$29,2,FALSE))) | U70: =IF(IF(ISNUMBER(I70),VLOOKUP($A70,List!$A$1:$B$29,2,FALSE))=FALSE,"",IF(ISNUMBER(I70),VLOOKUP($A70,List!$A$1:$B$29,2,FALSE))) | ... Y70: =IF(IF(ISNUMBER(M70),VLOOKUP($A70,List!$A$1:$B$29,2,FALSE))=FALSE,"",IF(ISNUMBER(M70),VLOOKUP($A70,List!$A$1:$B$29,2,FALSE)))
A71: 16 | B71: 0.61 | C71: NA | D71: NA | E71: NA | F71: NA | G71: NA | H71: NA | I71: NA | J71: NA | K71: NA | L71: NA | M71: NA | N71: =IF(IF(ISNUMBER(B71),VLOOKUP($A71,List!$A$1:$B$29,2,FALSE))=FALSE,"",IF(ISNUMBER(B71),VLOOKUP($A71,List!$A$1:$B$29,2,FALSE))) -> People tend to come to me for advice about boating | O71: =IF(IF(ISNUMBER(C71),VLOOKUP($A71,List!$A$1:$B$29,2,FALSE))=FALSE,"",IF(ISNUMBER(C71),VLOOKUP($A71,List!$A$1:$B$29,2,FALSE))) | P71: =IF(IF(ISNUMBER(D71),VLOOKUP($A71,List!$A$1:$B$29,2,FALSE))=FALSE,"",IF(ISNUMBER(D71),VLOOKUP($A71,List!$A$1:$B$29,2,FALSE))) | Q71: =IF(IF(ISNUMBER(E71),VLOOKUP($A71,List!$A$1:$B$29,2,FALSE))=FALSE,"",IF(ISNUMBER(E71),VLOOKUP($A71,List!$A$1:$B$29,2,FALSE))) | R71: =IF(IF(ISNUMBER(F71),VLOOKUP($A71,List!$A$1:$B$29,2,FALSE))=FALSE,"",IF(ISNUMBER(F71),VLOOKUP($A71,List!$A$1:$B$29,2,FALSE))) | S71: =IF(IF(ISNUMBER(G71),VLOOKUP($A71,List!$A$1:$B$29,2,FALSE))=FALSE,"",IF(ISNUMBER(G71),VLOOKUP($A71,List!$A$1:$B$29,2,FALSE))) | T71: =IF(IF(ISNUMBER(H71),VLOOKUP($A71,List!$A$1:$B$29,2,FALSE))=FALSE,"",IF(ISNUMBER(H71),VLOOKUP($A71,List!$A$1:$B$29,2,FALSE))) | U71: =IF(IF(ISNUMBER(I71),VLOOKUP($A71,List!$A$1:$B$29,2,FALSE))=FALSE,"",IF(ISNUMBER(I71),VLOOKUP($A71,List!$A$1:$B$29,2,FALSE))) | ... Y71: =IF(IF(ISNUMBER(M71),VLOOKUP($A71,List!$A$1:$B$29,2,FALSE))=FALSE,"",IF(ISNUMBER(M71),VLOOKUP($A71,List!$A$1:$B$29,2,FALSE)))
A72: 17 | B72: 0.5 | C72: NA | D72: NA | E72: NA | F72: NA | G72: NA | H72: NA | I72: NA | J72: NA | K72: NA | L72: NA | M72: NA | N72: =IF(IF(ISNUMBER(B72),VLOOKUP($A72,List!$A$1:$B$29,2,FALSE))=FALSE,"",IF(ISNUMBER(B72),VLOOKUP($A72,List!$A$1:$B$29,2,FALSE))) -> I consider myself more knowledgeable about boating than the rest of my boating peers | O72: =IF(IF(ISNUMBER(C72),VLOOKUP($A72,List!$A$1:$B$29,2,FALSE))=FALSE,"",IF(ISNUMBER(C72),VLOOKUP($A72,List!$A$1:$B$29,2,FALSE))) | P72: =IF(IF(ISNUMBER(D72),VLOOKUP($A72,List!$A$1:$B$29,2,FALSE))=FALSE,"",IF(ISNUMBER(D72),VLOOKUP($A72,List!$A$1:$B$29,2,FALSE))) | Q72: =IF(IF(ISNUMBER(E72),VLOOKUP($A72,List!$A$1:$B$29,2,FALSE))=FALSE,"",IF(ISNUMBER(E72),VLOOKUP($A72,List!$A$1:$B$29,2,FALSE))) | R72: =IF(IF(ISNUMBER(F72),VLOOKUP($A72,List!$A$1:$B$29,2,FALSE))=FALSE,"",IF(ISNUMBER(F72),VLOOKUP($A72,List!$A$1:$B$29,2,FALSE))) | S72: =IF(IF(ISNUMBER(G72),VLOOKUP($A72,List!$A$1:$B$29,2,FALSE))=FALSE,"",IF(ISNUMBER(G72),VLOOKUP($A72,List!$A$1:$B$29,2,FALSE))) | T72: =IF(IF(ISNUMBER(H72),VLOOKUP($A72,List!$A$1:$B$29,2,FALSE))=FALSE,"",IF(ISNUMBER(H72),VLOOKUP($A72,List!$A$1:$B$29,2,FALSE))) | U72: =IF(IF(ISNUMBER(I72),VLOOKUP($A72,List!$A$1:$B$29,2,FALSE))=FALSE,"",IF(ISNUMBER(I72),VLOOKUP($A72,List!$A$1:$B$29,2,FALSE))) | ... Y72: =IF(IF(ISNUMBER(M72),VLOOKUP($A72,List!$A$1:$B$29,2,FALSE))=FALSE,"",IF(ISNUMBER(M72),VLOOKUP($A72,List!$A$1:$B$29,2,FALSE)))
A73: 26 | B73: NA | C73: NA | D73: NA | E73: NA | F73: NA | G73: NA | H73: NA | I73: NA | J73: NA | K73: NA | L73: NA | M73: NA | N73: =IF(IF(ISNUMBER(B73),VLOOKUP($A73,List!$A$1:$B$29,2,FALSE))=FALSE,"",IF(ISNUMBER(B73),VLOOKUP($A73,List!$A$1:$B$29,2,FALSE))) | O73: =IF(IF(ISNUMBER(C73),VLOOKUP($A73,List!$A$1:$B$29,2,FALSE))=FALSE,"",IF(ISNUMBER(C73),VLOOKUP($A73,List!$A$1:$B$29,2,FALSE))) | P73: =IF(IF(ISNUMBER(D73),VLOOKUP($A73,List!$A$1:$B$29,2,FALSE))=FALSE,"",IF(ISNUMBER(D73),VLOOKUP($A73,List!$A$1:$B$29,2,FALSE))) | Q73: =IF(IF(ISNUMBER(E73),VLOOKUP($A73,List!$A$1:$B$29,2,FALSE))=FALSE,"",IF(ISNUMBER(E73),VLOOKUP($A73,List!$A$1:$B$29,2,FALSE))) | R73: =IF(IF(ISNUMBER(F73),VLOOKUP($A73,List!$A$1:$B$29,2,FALSE))=FALSE,"",IF(ISNUMBER(F73),VLOOKUP($A73,List!$A$1:$B$29,2,FALSE))) | S73: =IF(IF(ISNUMBER(G73),VLOOKUP($A73,List!$A$1:$B$29,2,FALSE))=FALSE,"",IF(ISNUMBER(G73),VLOOKUP($A73,List!$A$1:$B$29,2,FALSE))) | T73: =IF(IF(ISNUMBER(H73),VLOOKUP($A73,List!$A$1:$B$29,2,FALSE))=FALSE,"",IF(ISNUMBER(H73),VLOOKUP($A73,List!$A$1:$B$29,2,FALSE))) | U73: =IF(IF(ISNUMBER(I73),VLOOKUP($A73,List!$A$1:$B$29,2,FALSE))=FALSE,"",IF(ISNUMBER(I73),VLOOKUP($A73,List!$A$1:$B$29,2,FALSE))) | ... Y73: =IF(IF(ISNUMBER(M73),VLOOKUP($A73,List!$A$1:$B$29,2,FALSE))=FALSE,"",IF(ISNUMBER(M73),VLOOKUP($A73,List!$A$1:$B$29,2,FALSE)))
A74: 22 | B74: NA | C74: NA | D74: NA | E74: NA | F74: NA | G74: NA | H74: NA | I74: NA | J74: NA | K74: NA | L74: NA | M74: NA | N74: =IF(IF(ISNUMBER(B74),VLOOKUP($A74,List!$A$1:$B$29,2,FALSE))=FALSE,"",IF(ISNUMBER(B74),VLOOKUP($A74,List!$A$1:$B$29,2,FALSE))) | O74: =IF(IF(ISNUMBER(C74),VLOOKUP($A74,List!$A$1:$B$29,2,FALSE))=FALSE,"",IF(ISNUMBER(C74),VLOOKUP($A74,List!$A$1:$B$29,2,FALSE))) | P74: =IF(IF(ISNUMBER(D74),VLOOKUP($A74,List!$A$1:$B$29,2,FALSE))=FALSE,"",IF(ISNUMBER(D74),VLOOKUP($A74,List!$A$1:$B$29,2,FALSE))) | Q74: =IF(IF(ISNUMBER(E74),VLOOKUP($A74,List!$A$1:$B$29,2,FALSE))=FALSE,"",IF(ISNUMBER(E74),VLOOKUP($A74,List!$A$1:$B$29,2,FALSE))) | R74: =IF(IF(ISNUMBER(F74),VLOOKUP($A74,List!$A$1:$B$29,2,FALSE))=FALSE,"",IF(ISNUMBER(F74),VLOOKUP($A74,List!$A$1:$B$29,2,FALSE))) | S74: =IF(IF(ISNUMBER(G74),VLOOKUP($A74,List!$A$1:$B$29,2,FALSE))=FALSE,"",IF(ISNUMBER(G74),VLOOKUP($A74,List!$A$1:$B$29,2,FALSE))) | T74: =IF(IF(ISNUMBER(H74),VLOOKUP($A74,List!$A$1:$B$29,2,FALSE))=FALSE,"",IF(ISNUMBER(H74),VLOOKUP($A74,List!$A$1:$B$29,2,FALSE))) | U74: =IF(IF(ISNUMBER(I74),VLOOKUP($A74,List!$A$1:$B$29,2,FALSE))=FALSE,"",IF(ISNUMBER(I74),VLOOKUP($A74,List!$A$1:$B$29,2,FALSE))) | ... Y74: =IF(IF(ISNUMBER(M74),VLOOKUP($A74,List!$A$1:$B$29,2,FALSE))=FALSE,"",IF(ISNUMBER(M74),VLOOKUP($A74,List!$A$1:$B$29,2,FALSE)))
A75: 12 | B75: NA | C75: NA | D75: NA | E75: NA | F75: 0.58 | G75: NA | H75: NA | I75: NA | J75: NA | K75: NA | L75: NA | M75: NA | N75: =IF(IF(ISNUMBER(B75),VLOOKUP($A75,List!$A$1:$B$29,2,FALSE))=FALSE,"",IF(ISNUMBER(B75),VLOOKUP($A75,List!$A$1:$B$29,2,FALSE))) | O75: =IF(IF(ISNUMBER(C75),VLOOKUP($A75,List!$A$1:$B$29,2,FALSE))=FALSE,"",IF(ISNUMBER(C75),VLOOKUP($A75,List!$A$1:$B$29,2,FALSE))) | P75: =IF(IF(ISNUMBER(D75),VLOOKUP($A75,List!$A$1:$B$29,2,FALSE))=FALSE,"",IF(ISNUMBER(D75),VLOOKUP($A75,List!$A$1:$B$29,2,FALSE))) | Q75: =IF(IF(ISNUMBER(E75),VLOOKUP($A75,List!$A$1:$B$29,2,FALSE))=FALSE,"",IF(ISNUMBER(E75),VLOOKUP($A75,List!$A$1:$B$29,2,FALSE))) | R75: =IF(IF(ISNUMBER(F75),VLOOKUP($A75,List!$A$1:$B$29,2,FALSE))=FALSE,"",IF(ISNUMBER(F75),VLOOKUP($A75,List!$A$1:$B$29,2,FALSE))) -> When it comes to boating, I tend to prefer a basic boat with little to no frills | S75: =IF(IF(ISNUMBER(G75),VLOOKUP($A75,List!$A$1:$B$29,2,FALSE))=FALSE,"",IF(ISNUMBER(G75),VLOOKUP($A75,List!$A$1:$B$29,2,FALSE))) | T75: =IF(IF(ISNUMBER(H75),VLOOKUP($A75,List!$A$1:$B$29,2,FALSE))=FALSE,"",IF(ISNUMBER(H75),VLOOKUP($A75,List!$A$1:$B$29,2,FALSE))) | U75: =IF(IF(ISNUMBER(I75),VLOOKUP($A75,List!$A$1:$B$29,2,FALSE))=FALSE,"",IF(ISNUMBER(I75),VLOOKUP($A75,List!$A$1:$B$29,2,FALSE))) | ... Y75: =IF(IF(ISNUMBER(M75),VLOOKUP($A75,List!$A$1:$B$29,2,FALSE))=FALSE,"",IF(ISNUMBER(M75),VLOOKUP($A75,List!$A$1:$B$29,2,FALSE)))
A76: 3 | B76: NA | C76: NA | D76: NA | E76: 0.57 | F76: NA | G76: NA | H76: NA | I76: NA | J76: NA | K76: NA | L76: NA | M76: NA | N76: =IF(IF(ISNUMBER(B76),VLOOKUP($A76,List!$A$1:$B$29,2,FALSE))=FALSE,"",IF(ISNUMBER(B76),VLOOKUP($A76,List!$A$1:$B$29,2,FALSE))) | O76: =IF(IF(ISNUMBER(C76),VLOOKUP($A76,List!$A$1:$B$29,2,FALSE))=FALSE,"",IF(ISNUMBER(C76),VLOOKUP($A76,List!$A$1:$B$29,2,FALSE))) | P76: =IF(IF(ISNUMBER(D76),VLOOKUP($A76,List!$A$1:$B$29,2,FALSE))=FALSE,"",IF(ISNUMBER(D76),VLOOKUP($A76,List!$A$1:$B$29,2,FALSE))) | Q76: =IF(IF(ISNUMBER(E76),VLOOKUP($A76,List!$A$1:$B$29,2,FALSE))=FALSE,"",IF(ISNUMBER(E76),VLOOKUP($A76,List!$A$1:$B$29,2,FALSE))) -> The brand of the boat I buy says a lot about who I am | R76: =IF(IF(ISNUMBER(F76),VLOOKUP($A76,List!$A$1:$B$29,2,FALSE))=FALSE,"",IF(ISNUMBER(F76),VLOOKUP($A76,List!$A$1:$B$29,2,FALSE))) | S76: =IF(IF(ISNUMBER(G76),VLOOKUP($A76,List!$A$1:$B$29,2,FALSE))=FALSE,"",IF(ISNUMBER(G76),VLOOKUP($A76,List!$A$1:$B$29,2,FALSE))) | T76: =IF(IF(ISNUMBER(H76),VLOOKUP($A76,List!$A$1:$B$29,2,FALSE))=FALSE,"",IF(ISNUMBER(H76),VLOOKUP($A76,List!$A$1:$B$29,2,FALSE))) | U76: =IF(IF(ISNUMBER(I76),VLOOKUP($A76,List!$A$1:$B$29,2,FALSE))=FALSE,"",IF(ISNUMBER(I76),VLOOKUP($A76,List!$A$1:$B$29,2,FALSE))) | ... Y76: =IF(IF(ISNUMBER(M76),VLOOKUP($A76,List!$A$1:$B$29,2,FALSE))=FALSE,"",IF(ISNUMBER(M76),VLOOKUP($A76,List!$A$1:$B$29,2,FALSE)))
A77: 5 | B77: NA | C77: NA | D77: NA | E77: NA | F77: NA | G77: NA | H77: NA | I77: NA | J77: NA | K77: NA | L77: NA | M77: NA | N77: =IF(IF(ISNUMBER(B77),VLOOKUP($A77,List!$A$1:$B$29,2,FALSE))=FALSE,"",IF(ISNUMBER(B77),VLOOKUP($A77,List!$A$1:$B$29,2,FALSE))) | O77: =IF(IF(ISNUMBER(C77),VLOOKUP($A77,List!$A$1:$B$29,2,FALSE))=FALSE,"",IF(ISNUMBER(C77),VLOOKUP($A77,List!$A$1:$B$29,2,FALSE))) | P77: =IF(IF(ISNUMBER(D77),VLOOKUP($A77,List!$A$1:$B$29,2,FALSE))=FALSE,"",IF(ISNUMBER(D77),VLOOKUP($A77,List!$A$1:$B$29,2,FALSE))) | Q77: =IF(IF(ISNUMBER(E77),VLOOKUP($A77,List!$A$1:$B$29,2,FALSE))=FALSE,"",IF(ISNUMBER(E77),VLOOKUP($A77,List!$A$1:$B$29,2,FALSE))) | R77: =IF(IF(ISNUMBER(F77),VLOOKUP($A77,List!$A$1:$B$29,2,FALSE))=FALSE,"",IF(ISNUMBER(F77),VLOOKUP($A77,List!$A$1:$B$29,2,FALSE))) | S77: =IF(IF(ISNUMBER(G77),VLOOKUP($A77,List!$A$1:$B$29,2,FALSE))=FALSE,"",IF(ISNUMBER(G77),VLOOKUP($A77,List!$A$1:$B$29,2,FALSE))) | T77: =IF(IF(ISNUMBER(H77),VLOOKUP($A77,List!$A$1:$B$29,2,FALSE))=FALSE,"",IF(ISNUMBER(H77),VLOOKUP($A77,List!$A$1:$B$29,2,FALSE))) | U77: =IF(IF(ISNUMBER(I77),VLOOKUP($A77,List!$A$1:$B$29,2,FALSE))=FALSE,"",IF(ISNUMBER(I77),VLOOKUP($A77,List!$A$1:$B$29,2,FALSE))) | ... Y77: =IF(IF(ISNUMBER(M77),VLOOKUP($A77,List!$A$1:$B$29,2,FALSE))=FALSE,"",IF(ISNUMBER(M77),VLOOKUP($A77,List!$A$1:$B$29,2,FALSE)))
A78: 9 | B78: NA | C78: NA | D78: NA | E78: 0.69 | F78: NA | G78: NA | H78: NA | I78: NA | J78: NA | K78: NA | L78: NA | M78: NA | N78: =IF(IF(ISNUMBER(B78),VLOOKUP($A78,List!$A$1:$B$29,2,FALSE))=FALSE,"",IF(ISNUMBER(B78),VLOOKUP($A78,List!$A$1:$B$29,2,FALSE))) | O78: =IF(IF(ISNUMBER(C78),VLOOKUP($A78,List!$A$1:$B$29,2,FALSE))=FALSE,"",IF(ISNUMBER(C78),VLOOKUP($A78,List!$A$1:$B$29,2,FALSE))) | P78: =IF(IF(ISNUMBER(D78),VLOOKUP($A78,List!$A$1:$B$29,2,FALSE))=FALSE,"",IF(ISNUMBER(D78),VLOOKUP($A78,List!$A$1:$B$29,2,FALSE))) | Q78: =IF(IF(ISNUMBER(E78),VLOOKUP($A78,List!$A$1:$B$29,2,FALSE))=FALSE,"",IF(ISNUMBER(E78),VLOOKUP($A78,List!$A$1:$B$29,2,FALSE))) -> I see my boat as status symbol | R78: =IF(IF(ISNUMBER(F78),VLOOKUP($A78,List!$A$1:$B$29,2,FALSE))=FALSE,"",IF(ISNUMBER(F78),VLOOKUP($A78,List!$A$1:$B$29,2,FALSE))) | S78: =IF(IF(ISNUMBER(G78),VLOOKUP($A78,List!$A$1:$B$29,2,FALSE))=FALSE,"",IF(ISNUMBER(G78),VLOOKUP($A78,List!$A$1:$B$29,2,FALSE))) | T78: =IF(IF(ISNUMBER(H78),VLOOKUP($A78,List!$A$1:$B$29,2,FALSE))=FALSE,"",IF(ISNUMBER(H78),VLOOKUP($A78,List!$A$1:$B$29,2,FALSE))) | U78: =IF(IF(ISNUMBER(I78),VLOOKUP($A78,List!$A$1:$B$29,2,FALSE))=FALSE,"",IF(ISNUMBER(I78),VLOOKUP($A78,List!$A$1:$B$29,2,FALSE))) | ... Y78: =IF(IF(ISNUMBER(M78),VLOOKUP($A78,List!$A$1:$B$29,2,FALSE))=FALSE,"",IF(ISNUMBER(M78),VLOOKUP($A78,List!$A$1:$B$29,2,FALSE)))
A79: 21 | B79: NA | C79: NA | D79: NA | E79: NA | F79: NA | G79: NA | H79: NA | I79: NA | J79: NA | K79: NA | L79: NA | M79: NA | N79: =IF(IF(ISNUMBER(B79),VLOOKUP($A79,List!$A$1:$B$29,2,FALSE))=FALSE,"",IF(ISNUMBER(B79),VLOOKUP($A79,List!$A$1:$B$29,2,FALSE))) | O79: =IF(IF(ISNUMBER(C79),VLOOKUP($A79,List!$A$1:$B$29,2,FALSE))=FALSE,"",IF(ISNUMBER(C79),VLOOKUP($A79,List!$A$1:$B$29,2,FALSE))) | P79: =IF(IF(ISNUMBER(D79),VLOOKUP($A79,List!$A$1:$B$29,2,FALSE))=FALSE,"",IF(ISNUMBER(D79),VLOOKUP($A79,List!$A$1:$B$29,2,FALSE))) | Q79: =IF(IF(ISNUMBER(E79),VLOOKUP($A79,List!$A$1:$B$29,2,FALSE))=FALSE,"",IF(ISNUMBER(E79),VLOOKUP($A79,List!$A$1:$B$29,2,FALSE))) | R79: =IF(IF(ISNUMBER(F79),VLOOKUP($A79,List!$A$1:$B$29,2,FALSE))=FALSE,"",IF(ISNUMBER(F79),VLOOKUP($A79,List!$A$1:$B$29,2,FALSE))) | S79: =IF(IF(ISNUMBER(G79),VLOOKUP($A79,List!$A$1:$B$29,2,FALSE))=FALSE,"",IF(ISNUMBER(G79),VLOOKUP($A79,List!$A$1:$B$29,2,FALSE))) | T79: =IF(IF(ISNUMBER(H79),VLOOKUP($A79,List!$A$1:$B$29,2,FALSE))=FALSE,"",IF(ISNUMBER(H79),VLOOKUP($A79,List!$A$1:$B$29,2,FALSE))) | U79: =IF(IF(ISNUMBER(I79),VLOOKUP($A79,List!$A$1:$B$29,2,FALSE))=FALSE,"",IF(ISNUMBER(I79),VLOOKUP($A79,List!$A$1:$B$29,2,FALSE))) | ... Y79: =IF(IF(ISNUMBER(M79),VLOOKUP($A79,List!$A$1:$B$29,2,FALSE))=FALSE,"",IF(ISNUMBER(M79),VLOOKUP($A79,List!$A$1:$B$29,2,FALSE)))
A80: 24 | B80: NA | C80: NA | D80: NA | E80: NA | F80: NA | G80: NA | H80: NA | I80: NA | J80: NA | K80: NA | L80: 0.84 | M80: NA | N80: =IF(IF(ISNUMBER(B80),VLOOKUP($A80,List!$A$1:$B$29,2,FALSE))=FALSE,"",IF(ISNUMBER(B80),VLOOKUP($A80,List!$A$1:$B$29,2,FALSE))) | O80: =IF(IF(ISNUMBER(C80),VLOOKUP($A80,List!$A$1:$B$29,2,FALSE))=FALSE,"",IF(ISNUMBER(C80),VLOOKUP($A80,List!$A$1:$B$29,2,FALSE))) | P80: =IF(IF(ISNUMBER(D80),VLOOKUP($A80,List!$A$1:$B$29,2,FALSE))=FALSE,"",IF(ISNUMBER(D80),VLOOKUP($A80,List!$A$1:$B$29,2,FALSE))) | Q80: =IF(IF(ISNUMBER(E80),VLOOKUP($A80,List!$A$1:$B$29,2,FALSE))=FALSE,"",IF(ISNUMBER(E80),VLOOKUP($A80,List!$A$1:$B$29,2,FALSE))) | R80: =IF(IF(ISNUMBER(F80),VLOOKUP($A80,List!$A$1:$B$29,2,FALSE))=FALSE,"",IF(ISNUMBER(F80),VLOOKUP($A80,List!$A$1:$B$29,2,FALSE))) | S80: =IF(IF(ISNUMBER(G80),VLOOKUP($A80,List!$A$1:$B$29,2,FALSE))=FALSE,"",IF(ISNUMBER(G80),VLOOKUP($A80,List!$A$1:$B$29,2,FALSE))) | T80: =IF(IF(ISNUMBER(H80),VLOOKUP($A80,List!$A$1:$B$29,2,FALSE))=FALSE,"",IF(ISNUMBER(H80),VLOOKUP($A80,List!$A$1:$B$29,2,FALSE))) | U80: =IF(IF(ISNUMBER(I80),VLOOKUP($A80,List!$A$1:$B$29,2,FALSE))=FALSE,"",IF(ISNUMBER(I80),VLOOKUP($A80,List!$A$1:$B$29,2,FALSE))) | ... Y80: =IF(IF(ISNUMBER(M80),VLOOKUP($A80,List!$A$1:$B$29,2,FALSE))=FALSE,"",IF(ISNUMBER(M80),VLOOKUP($A80,List!$A$1:$B$29,2,FALSE)))
A81: 1 | B81: NA | C81: NA | D81: NA | E81: NA | F81: NA | G81: NA | H81: NA | I81: NA | J81: 1.01 | K81: NA | L81: NA | M81: NA | N81: =IF(IF(ISNUMBER(B81),VLOOKUP($A81,List!$A$1:$B$29,2,FALSE))=FALSE,"",IF(ISNUMBER(B81),VLOOKUP($A81,List!$A$1:$B$29,2,FALSE))) | O81: =IF(IF(ISNUMBER(C81),VLOOKUP($A81,List!$A$1:$B$29,2,FALSE))=FALSE,"",IF(ISNUMBER(C81),VLOOKUP($A81,List!$A$1:$B$29,2,FALSE))) | P81: =IF(IF(ISNUMBER(D81),VLOOKUP($A81,List!$A$1:$B$29,2,FALSE))=FALSE,"",IF(ISNUMBER(D81),VLOOKUP($A81,List!$A$1:$B$29,2,FALSE))) | Q81: =IF(IF(ISNUMBER(E81),VLOOKUP($A81,List!$A$1:$B$29,2,FALSE))=FALSE,"",IF(ISNUMBER(E81),VLOOKUP($A81,List!$A$1:$B$29,2,FALSE))) | R81: =IF(IF(ISNUMBER(F81),VLOOKUP($A81,List!$A$1:$B$29,2,FALSE))=FALSE,"",IF(ISNUMBER(F81),VLOOKUP($A81,List!$A$1:$B$29,2,FALSE))) | S81: =IF(IF(ISNUMBER(G81),VLOOKUP($A81,List!$A$1:$B$29,2,FALSE))=FALSE,"",IF(ISNUMBER(G81),VLOOKUP($A81,List!$A$1:$B$29,2,FALSE))) | T81: =IF(IF(ISNUMBER(H81),VLOOKUP($A81,List!$A$1:$B$29,2,FALSE))=FALSE,"",IF(ISNUMBER(H81),VLOOKUP($A81,List!$A$1:$B$29,2,FALSE))) | U81: =IF(IF(ISNUMBER(I81),VLOOKUP($A81,List!$A$1:$B$29,2,FALSE))=FALSE,"",IF(ISNUMBER(I81),VLOOKUP($A81,List!$A$1:$B$29,2,FALSE))) | ... Y81: =IF(IF(ISNUMBER(M81),VLOOKUP($A81,List!$A$1:$B$29,2,FALSE))=FALSE,"",IF(ISNUMBER(M81),VLOOKUP($A81,List!$A$1:$B$29,2,FALSE)))
A82: 6 | B82: NA | C82: NA | D82: NA | E82: 0.74 | F82: NA | G82: NA | H82: NA | I82: NA | J82: NA | K82: NA | L82: NA | M82: NA | N82: =IF(IF(ISNUMBER(B82),VLOOKUP($A82,List!$A$1:$B$29,2,FALSE))=FALSE,"",IF(ISNUMBER(B82),VLOOKUP($A82,List!$A$1:$B$29,2,FALSE))) | O82: =IF(IF(ISNUMBER(C82),VLOOKUP($A82,List!$A$1:$B$29,2,FALSE))=FALSE,"",IF(ISNUMBER(C82),VLOOKUP($A82,List!$A$1:$B$29,2,FALSE))) | P82: =IF(IF(ISNUMBER(D82),VLOOKUP($A82,List!$A$1:$B$29,2,FALSE))=FALSE,"",IF(ISNUMBER(D82),VLOOKUP($A82,List!$A$1:$B$29,2,FALSE))) | Q82: =IF(IF(ISNUMBER(E82),VLOOKUP($A82,List!$A$1:$B$29,2,FALSE))=FALSE,"",IF(ISNUMBER(E82),VLOOKUP($A82,List!$A$1:$B$29,2,FALSE))) -> Owning a boat is a way of rewarding myself for hard work | R82: =IF(IF(ISNUMBER(F82),VLOOKUP($A82,List!$A$1:$B$29,2,FALSE))=FALSE,"",IF(ISNUMBER(F82),VLOOKUP($A82,List!$A$1:$B$29,2,FALSE))) | S82: =IF(IF(ISNUMBER(G82),VLOOKUP($A82,List!$A$1:$B$29,2,FALSE))=FALSE,"",IF(ISNUMBER(G82),VLOOKUP($A82,List!$A$1:$B$29,2,FALSE))) | T82: =IF(IF(ISNUMBER(H82),VLOOKUP($A82,List!$A$1:$B$29,2,FALSE))=FALSE,"",IF(ISNUMBER(H82),VLOOKUP($A82,List!$A$1:$B$29,2,FALSE))) | U82: =IF(IF(ISNUMBER(I82),VLOOKUP($A82,List!$A$1:$B$29,2,FALSE))=FALSE,"",IF(ISNUMBER(I82),VLOOKUP($A82,List!$A$1:$B$29,2,FALSE))) | ... Y82: =IF(IF(ISNUMBER(M82),VLOOKUP($A82,List!$A$1:$B$29,2,FALSE))=FALSE,"",IF(ISNUMBER(M82),VLOOKUP($A82,List!$A$1:$B$29,2,FALSE)))
A83: 13 | B83: NA | C83: 0.84 | D83: NA | E83: NA | F83: NA | G83: NA | H83: NA | I83: NA | J83: NA | K83: NA | L83: NA | M83: NA | N83: =IF(IF(ISNUMBER(B83),VLOOKUP($A83,List!$A$1:$B$29,2,FALSE))=FALSE,"",IF(ISNUMBER(B83),VLOOKUP($A83,List!$A$1:$B$29,2,FALSE))) | O83: =IF(IF(ISNUMBER(C83),VLOOKUP($A83,List!$A$1:$B$29,2,FALSE))=FALSE,"",IF(ISNUMBER(C83),VLOOKUP($A83,List!$A$1:$B$29,2,FALSE))) -> When buying a boat, I tend to buy the latest and greatest | P83: =IF(IF(ISNUMBER(D83),VLOOKUP($A83,List!$A$1:$B$29,2,FALSE))=FALSE,"",IF(ISNUMBER(D83),VLOOKUP($A83,List!$A$1:$B$29,2,FALSE))) | Q83: =IF(IF(ISNUMBER(E83),VLOOKUP($A83,List!$A$1:$B$29,2,FALSE))=FALSE,"",IF(ISNUMBER(E83),VLOOKUP($A83,List!$A$1:$B$29,2,FALSE))) | R83: =IF(IF(ISNUMBER(F83),VLOOKUP($A83,List!$A$1:$B$29,2,FALSE))=FALSE,"",IF(ISNUMBER(F83),VLOOKUP($A83,List!$A$1:$B$29,2,FALSE))) | S83: =IF(IF(ISNUMBER(G83),VLOOKUP($A83,List!$A$1:$B$29,2,FALSE))=FALSE,"",IF(ISNUMBER(G83),VLOOKUP($A83,List!$A$1:$B$29,2,FALSE))) | T83: =IF(IF(ISNUMBER(H83),VLOOKUP($A83,List!$A$1:$B$29,2,FALSE))=FALSE,"",IF(ISNUMBER(H83),VLOOKUP($A83,List!$A$1:$B$29,2,FALSE))) | U83: =IF(IF(ISNUMBER(I83),VLOOKUP($A83,List!$A$1:$B$29,2,FALSE))=FALSE,"",IF(ISNUMBER(I83),VLOOKUP($A83,List!$A$1:$B$29,2,FALSE))) | ... Y83: =IF(IF(ISNUMBER(M83),VLOOKUP($A83,List!$A$1:$B$29,2,FALSE))=FALSE,"",IF(ISNUMBER(M83),VLOOKUP($A83,List!$A$1:$B$29,2,FALSE)))
A84: 25 | B84: NA | C84: NA | D84: 0.5 | E84: NA | F84: NA | G84: NA | H84: NA | I84: NA | J84: NA | K84: NA | L84: NA | M84: NA | N84: =IF(IF(ISNUMBER(B84),VLOOKUP($A84,List!$A$1:$B$29,2,FALSE))=FALSE,"",IF(ISNUMBER(B84),VLOOKUP($A84,List!$A$1:$B$29,2,FALSE))) | O84: =IF(IF(ISNUMBER(C84),VLOOKUP($A84,List!$A$1:$B$29,2,FALSE))=FALSE,"",IF(ISNUMBER(C84),VLOOKUP($A84,List!$A$1:$B$29,2,FALSE))) | P84: =IF(IF(ISNUMBER(D84),VLOOKUP($A84,List!$A$1:$B$29,2,FALSE))=FALSE,"",IF(ISNUMBER(D84),VLOOKUP($A84,List!$A$1:$B$29,2,FALSE))) -> Being in charge of my boat is what is most important to me | Q84: =IF(IF(ISNUMBER(E84),VLOOKUP($A84,List!$A$1:$B$29,2,FALSE))=FALSE,"",IF(ISNUMBER(E84),VLOOKUP($A84,List!$A$1:$B$29,2,FALSE))) | R84: =IF(IF(ISNUMBER(F84),VLOOKUP($A84,List!$A$1:$B$29,2,FALSE))=FALSE,"",IF(ISNUMBER(F84),VLOOKUP($A84,List!$A$1:$B$29,2,FALSE))) | S84: =IF(IF(ISNUMBER(G84),VLOOKUP($A84,List!$A$1:$B$29,2,FALSE))=FALSE,"",IF(ISNUMBER(G84),VLOOKUP($A84,List!$A$1:$B$29,2,FALSE))) | T84: =IF(IF(ISNUMBER(H84),VLOOKUP($A84,List!$A$1:$B$29,2,FALSE))=FALSE,"",IF(ISNUMBER(H84),VLOOKUP($A84,List!$A$1:$B$29,2,FALSE))) | U84: =IF(IF(ISNUMBER(I84),VLOOKUP($A84,List!$A$1:$B$29,2,FALSE))=FALSE,"",IF(ISNUMBER(I84),VLOOKUP($A84,List!$A$1:$B$29,2,FALSE))) | ... Y84: =IF(IF(ISNUMBER(M84),VLOOKUP($A84,List!$A$1:$B$29,2,FALSE))=FALSE,"",IF(ISNUMBER(M84),VLOOKUP($A84,List!$A$1:$B$29,2,FALSE)))
A85: 14 | B85: NA | C85: 0.87 | D85: NA | E85: NA | F85: NA | G85: NA | H85: NA | I85: NA | J85: NA | K85: NA | L85: NA | M85: NA | N85: =IF(IF(ISNUMBER(B85),VLOOKUP($A85,List!$A$1:$B$29,2,FALSE))=FALSE,"",IF(ISNUMBER(B85),VLOOKUP($A85,List!$A$1:$B$29,2,FALSE))) | O85: =IF(IF(ISNUMBER(C85),VLOOKUP($A85,List!$A$1:$B$29,2,FALSE))=FALSE,"",IF(ISNUMBER(C85),VLOOKUP($A85,List!$A$1:$B$29,2,FALSE))) -> When buying accessories for my boat, I tend to buy the latest and greatest | P85: =IF(IF(ISNUMBER(D85),VLOOKUP($A85,List!$A$1:$B$29,2,FALSE))=FALSE,"",IF(ISNUMBER(D85),VLOOKUP($A85,List!$A$1:$B$29,2,FALSE))) | Q85: =IF(IF(ISNUMBER(E85),VLOOKUP($A85,List!$A$1:$B$29,2,FALSE))=FALSE,"",IF(ISNUMBER(E85),VLOOKUP($A85,List!$A$1:$B$29,2,FALSE))) | R85: =IF(IF(ISNUMBER(F85),VLOOKUP($A85,List!$A$1:$B$29,2,FALSE))=FALSE,"",IF(ISNUMBER(F85),VLOOKUP($A85,List!$A$1:$B$29,2,FALSE))) | S85: =IF(IF(ISNUMBER(G85),VLOOKUP($A85,List!$A$1:$B$29,2,FALSE))=FALSE,"",IF(ISNUMBER(G85),VLOOKUP($A85,List!$A$1:$B$29,2,FALSE))) | T85: =IF(IF(ISNUMBER(H85),VLOOKUP($A85,List!$A$1:$B$29,2,FALSE))=FALSE,"",IF(ISNUMBER(H85),VLOOKUP($A85,List!$A$1:$B$29,2,FALSE))) | U85: =IF(IF(ISNUMBER(I85),VLOOKUP($A85,List!$A$1:$B$29,2,FALSE))=FALSE,"",IF(ISNUMBER(I85),VLOOKUP($A85,List!$A$1:$B$29,2,FALSE))) | ... Y85: =IF(IF(ISNUMBER(M85),VLOOKUP($A85,List!$A$1:$B$29,2,FALSE))=FALSE,"",IF(ISNUMBER(M85),VLOOKUP($A85,List!$A$1:$B$29,2,FALSE)))
A86: 18 | B86: NA | C86: NA | D86: 0.75 | E86: NA | F86: NA | G86: NA | H86: NA | I86: NA | J86: NA | K86: NA | L86: NA | M86: NA | N86: =IF(IF(ISNUMBER(B86),VLOOKUP($A86,List!$A$1:$B$29,2,FALSE))=FALSE,"",IF(ISNUMBER(B86),VLOOKUP($A86,List!$A$1:$B$29,2,FALSE))) | O86: =IF(IF(ISNUMBER(C86),VLOOKUP($A86,List!$A$1:$B$29,2,FALSE))=FALSE,"",IF(ISNUMBER(C86),VLOOKUP($A86,List!$A$1:$B$29,2,FALSE))) | P86: =IF(IF(ISNUMBER(D86),VLOOKUP($A86,List!$A$1:$B$29,2,FALSE))=FALSE,"",IF(ISNUMBER(D86),VLOOKUP($A86,List!$A$1:$B$29,2,FALSE))) -> Boating gives me a feeling of adventure | Q86: =IF(IF(ISNUMBER(E86),VLOOKUP($A86,List!$A$1:$B$29,2,FALSE))=FALSE,"",IF(ISNUMBER(E86),VLOOKUP($A86,List!$A$1:$B$29,2,FALSE))) | R86: =IF(IF(ISNUMBER(F86),VLOOKUP($A86,List!$A$1:$B$29,2,FALSE))=FALSE,"",IF(ISNUMBER(F86),VLOOKUP($A86,List!$A$1:$B$29,2,FALSE))) | S86: =IF(IF(ISNUMBER(G86),VLOOKUP($A86,List!$A$1:$B$29,2,FALSE))=FALSE,"",IF(ISNUMBER(G86),VLOOKUP($A86,List!$A$1:$B$29,2,FALSE))) | T86: =IF(IF(ISNUMBER(H86),VLOOKUP($A86,List!$A$1:$B$29,2,FALSE))=FALSE,"",IF(ISNUMBER(H86),VLOOKUP($A86,List!$A$1:$B$29,2,FALSE))) | U86: =IF(IF(ISNUMBER(I86),VLOOKUP($A86,List!$A$1:$B$29,2,FALSE))=FALSE,"",IF(ISNUMBER(I86),VLOOKUP($A86,List!$A$1:$B$29,2,FALSE))) | ... Y86: =IF(IF(ISNUMBER(M86),VLOOKUP($A86,List!$A$1:$B$29,2,FALSE))=FALSE,"",IF(ISNUMBER(M86),VLOOKUP($A86,List!$A$1:$B$29,2,FALSE)))
A87: 19 | B87: NA | C87: NA | D87: 1.04 | E87: NA | F87: NA | G87: NA | H87: NA | I87: NA | J87: NA | K87: NA | L87: NA | M87: NA | N87: =IF(IF(ISNUMBER(B87),VLOOKUP($A87,List!$A$1:$B$29,2,FALSE))=FALSE,"",IF(ISNUMBER(B87),VLOOKUP($A87,List!$A$1:$B$29,2,FALSE))) | O87: =IF(IF(ISNUMBER(C87),VLOOKUP($A87,List!$A$1:$B$29,2,FALSE))=FALSE,"",IF(ISNUMBER(C87),VLOOKUP($A87,List!$A$1:$B$29,2,FALSE))) | P87: =IF(IF(ISNUMBER(D87),VLOOKUP($A87,List!$A$1:$B$29,2,FALSE))=FALSE,"",IF(ISNUMBER(D87),VLOOKUP($A87,List!$A$1:$B$29,2,FALSE))) -> Boating allows me to experience nature | Q87: =IF(IF(ISNUMBER(E87),VLOOKUP($A87,List!$A$1:$B$29,2,FALSE))=FALSE,"",IF(ISNUMBER(E87),VLOOKUP($A87,List!$A$1:$B$29,2,FALSE))) | R87: =IF(IF(ISNUMBER(F87),VLOOKUP($A87,List!$A$1:$B$29,2,FALSE))=FALSE,"",IF(ISNUMBER(F87),VLOOKUP($A87,List!$A$1:$B$29,2,FALSE))) | S87: =IF(IF(ISNUMBER(G87),VLOOKUP($A87,List!$A$1:$B$29,2,FALSE))=FALSE,"",IF(ISNUMBER(G87),VLOOKUP($A87,List!$A$1:$B$29,2,FALSE))) | T87: =IF(IF(ISNUMBER(H87),VLOOKUP($A87,List!$A$1:$B$29,2,FALSE))=FALSE,"",IF(ISNUMBER(H87),VLOOKUP($A87,List!$A$1:$B$29,2,FALSE))) | U87: =IF(IF(ISNUMBER(I87),VLOOKUP($A87,List!$A$1:$B$29,2,FALSE))=FALSE,"",IF(ISNUMBER(I87),VLOOKUP($A87,List!$A$1:$B$29,2,FALSE))) | ... Y87: =IF(IF(ISNUMBER(M87),VLOOKUP($A87,List!$A$1:$B$29,2,FALSE))=FALSE,"",IF(ISNUMBER(M87),VLOOKUP($A87,List!$A$1:$B$29,2,FALSE)))
A88: 29 | B88: NA | C88: NA | D88: NA | E88: NA | F88: NA | G88: NA | H88: NA | I88: NA | J88: NA | K88: NA | L88: NA | M88: 0.97 | N88: =IF(IF(ISNUMBER(B88),VLOOKUP($A88,List!$A$1:$B$29,2,FALSE))=FALSE,"",IF(ISNUMBER(B88),VLOOKUP($A88,List!$A$1:$B$29,2,FALSE))) | O88: =IF(IF(ISNUMBER(C88),VLOOKUP($A88,List!$A$1:$B$29,2,FALSE))=FALSE,"",IF(ISNUMBER(C88),VLOOKUP($A88,List!$A$1:$B$29,2,FALSE))) | P88: =IF(IF(ISNUMBER(D88),VLOOKUP($A88,List!$A$1:$B$29,2,FALSE))=FALSE,"",IF(ISNUMBER(D88),VLOOKUP($A88,List!$A$1:$B$29,2,FALSE))) | Q88: =IF(IF(ISNUMBER(E88),VLOOKUP($A88,List!$A$1:$B$29,2,FALSE))=FALSE,"",IF(ISNUMBER(E88),VLOOKUP($A88,List!$A$1:$B$29,2,FALSE))) | R88: =IF(IF(ISNUMBER(F88),VLOOKUP($A88,List!$A$1:$B$29,2,FALSE))=FALSE,"",IF(ISNUMBER(F88),VLOOKUP($A88,List!$A$1:$B$29,2,FALSE))) | S88: =IF(IF(ISNUMBER(G88),VLOOKUP($A88,List!$A$1:$B$29,2,FALSE))=FALSE,"",IF(ISNUMBER(G88),VLOOKUP($A88,List!$A$1:$B$29,2,FALSE))) | T88: =IF(IF(ISNUMBER(H88),VLOOKUP($A88,List!$A$1:$B$29,2,FALSE))=FALSE,"",IF(ISNUMBER(H88),VLOOKUP($A88,List!$A$1:$B$29,2,FALSE))) | U88: =IF(IF(ISNUMBER(I88),VLOOKUP($A88,List!$A$1:$B$29,2,FALSE))=FALSE,"",IF(ISNUMBER(I88),VLOOKUP($A88,List!$A$1:$B$29,2,FALSE))) | ... Y88: =IF(IF(ISNUMBER(M88),VLOOKUP($A88,List!$A$1:$B$29,2,FALSE))=FALSE,"",IF(ISNUMBER(M88),VLOOKUP($A88,List!$A$1:$B$29,2,FALSE))) -> Boating is one of many things I do in my spare time
A89: 4 | B89: NA | C89: NA | D89: NA | E89: NA | F89: NA | G89: NA | H89: NA | I89: NA | J89: NA | K89: 0.88 | L89: NA | M89: NA | N89: =IF(IF(ISNUMBER(B89),VLOOKUP($A89,List!$A$1:$B$29,2,FALSE))=FALSE,"",IF(ISNUMBER(B89),VLOOKUP($A89,List!$A$1:$B$29,2,FALSE))) | O89: =IF(IF(ISNUMBER(C89),VLOOKUP($A89,List!$A$1:$B$29,2,FALSE))=FALSE,"",IF(ISNUMBER(C89),VLOOKUP($A89,List!$A$1:$B$29,2,FALSE))) | P89: =IF(IF(ISNUMBER(D89),VLOOKUP($A89,List!$A$1:$B$29,2,FALSE))=FALSE,"",IF(ISNUMBER(D89),VLOOKUP($A89,List!$A$1:$B$29,2,FALSE))) | Q89: =IF(IF(ISNUMBER(E89),VLOOKUP($A89,List!$A$1:$B$29,2,FALSE))=FALSE,"",IF(ISNUMBER(E89),VLOOKUP($A89,List!$A$1:$B$29,2,FALSE))) | R89: =IF(IF(ISNUMBER(F89),VLOOKUP($A89,List!$A$1:$B$29,2,FALSE))=FALSE,"",IF(ISNUMBER(F89),VLOOKUP($A89,List!$A$1:$B$29,2,FALSE))) | S89: =IF(IF(ISNUMBER(G89),VLOOKUP($A89,List!$A$1:$B$29,2,FALSE))=FALSE,"",IF(ISNUMBER(G89),VLOOKUP($A89,List!$A$1:$B$29,2,FALSE))) | T89: =IF(IF(ISNUMBER(H89),VLOOKUP($A89,List!$A$1:$B$29,2,FALSE))=FALSE,"",IF(ISNUMBER(H89),VLOOKUP($A89,List!$A$1:$B$29,2,FALSE))) | U89: =IF(IF(ISNUMBER(I89),VLOOKUP($A89,List!$A$1:$B$29,2,FALSE))=FALSE,"",IF(ISNUMBER(I89),VLOOKUP($A89,List!$A$1:$B$29,2,FALSE))) | ... Y89: =IF(IF(ISNUMBER(M89),VLOOKUP($A89,List!$A$1:$B$29,2,FALSE))=FALSE,"",IF(ISNUMBER(M89),VLOOKUP($A89,List!$A$1:$B$29,2,FALSE)))
A90: 8 | B90: NA | C90: NA | D90: NA | E90: NA | F90: NA | G90: NA | H90: 1.02 | I90: NA | J90: NA | K90: NA | L90: NA | M90: NA | N90: =IF(IF(ISNUMBER(B90),VLOOKUP($A90,List!$A$1:$B$29,2,FALSE))=FALSE,"",IF(ISNUMBER(B90),VLOOKUP($A90,List!$A$1:$B$29,2,FALSE))) | O90: =IF(IF(ISNUMBER(C90),VLOOKUP($A90,List!$A$1:$B$29,2,FALSE))=FALSE,"",IF(ISNUMBER(C90),VLOOKUP($A90,List!$A$1:$B$29,2,FALSE))) | P90: =IF(IF(ISNUMBER(D90),VLOOKUP($A90,List!$A$1:$B$29,2,FALSE))=FALSE,"",IF(ISNUMBER(D90),VLOOKUP($A90,List!$A$1:$B$29,2,FALSE))) | Q90: =IF(IF(ISNUMBER(E90),VLOOKUP($A90,List!$A$1:$B$29,2,FALSE))=FALSE,"",IF(ISNUMBER(E90),VLOOKUP($A90,List!$A$1:$B$29,2,FALSE))) | R90: =IF(IF(ISNUMBER(F90),VLOOKUP($A90,List!$A$1:$B$29,2,FALSE))=FALSE,"",IF(ISNUMBER(F90),VLOOKUP($A90,List!$A$1:$B$29,2,FALSE))) | S90: =IF(IF(ISNUMBER(G90),VLOOKUP($A90,List!$A$1:$B$29,2,FALSE))=FALSE,"",IF(ISNUMBER(G90),VLOOKUP($A90,List!$A$1:$B$29,2,FALSE))) | T90: =IF(IF(ISNUMBER(H90),VLOOKUP($A90,List!$A$1:$B$29,2,FALSE))=FALSE,"",IF(ISNUMBER(H90),VLOOKUP($A90,List!$A$1:$B$29,2,FALSE))) -> When buying a boat, functionality is more important than style | U90: =IF(IF(ISNUMBER(I90),VLOOKUP($A90,List!$A$1:$B$29,2,FALSE))=FALSE,"",IF(ISNUMBER(I90),VLOOKUP($A90,List!$A$1:$B$29,2,FALSE))) | ... Y90: =IF(IF(ISNUMBER(M90),VLOOKUP($A90,List!$A$1:$B$29,2,FALSE))=FALSE,"",IF(ISNUMBER(M90),VLOOKUP($A90,List!$A$1:$B$29,2,FALSE)))
A91: 2 | B91: NA | C91: NA | D91: NA | E91: NA | F91: 0.94 | G91: NA | H91: NA | I91: NA | J91: NA | K91: NA | L91: NA | M91: NA | N91: =IF(IF(ISNUMBER(B91),VLOOKUP($A91,List!$A$1:$B$29,2,FALSE))=FALSE,"",IF(ISNUMBER(B91),VLOOKUP($A91,List!$A$1:$B$29,2,FALSE))) | O91: =IF(IF(ISNUMBER(C91),VLOOKUP($A91,List!$A$1:$B$29,2,FALSE))=FALSE,"",IF(ISNUMBER(C91),VLOOKUP($A91,List!$A$1:$B$29,2,FALSE))) | P91: =IF(IF(ISNUMBER(D91),VLOOKUP($A91,List!$A$1:$B$29,2,FALSE))=FALSE,"",IF(ISNUMBER(D91),VLOOKUP($A91,List!$A$1:$B$29,2,FALSE))) | Q91: =IF(IF(ISNUMBER(E91),VLOOKUP($A91,List!$A$1:$B$29,2,FALSE))=FALSE,"",IF(ISNUMBER(E91),VLOOKUP($A91,List!$A$1:$B$29,2,FALSE))) | R91: =IF(IF(ISNUMBER(F91),VLOOKUP($A91,List!$A$1:$B$29,2,FALSE))=FALSE,"",IF(ISNUMBER(F91),VLOOKUP($A91,List!$A$1:$B$29,2,FALSE))) -> When buying a bot, getting the lowest P is more important than brand | S91: =IF(IF(ISNUMBER(G91),VLOOKUP($A91,List!$A$1:$B$29,2,FALSE))=FALSE,"",IF(ISNUMBER(G91),VLOOKUP($A91,List!$A$1:$B$29,2,FALSE))) | T91: =IF(IF(ISNUMBER(H91),VLOOKUP($A91,List!$A$1:$B$29,2,FALSE))=FALSE,"",IF(ISNUMBER(H91),VLOOKUP($A91,List!$A$1:$B$29,2,FALSE))) | U91: =IF(IF(ISNUMBER(I91),VLOOKUP($A91,List!$A$1:$B$29,2,FALSE))=FALSE,"",IF(ISNUMBER(I91),VLOOKUP($A91,List!$A$1:$B$29,2,FALSE))) | ... Y91: =IF(IF(ISNUMBER(M91),VLOOKUP($A91,List!$A$1:$B$29,2,FALSE))=FALSE,"",IF(ISNUMBER(M91),VLOOKUP($A91,List!$A$1:$B$29,2,FALSE)))
A92: 15 | B92: NA | C92: 0.69 | D92: NA | E92: NA | F92: NA | G92: NA | H92: NA | I92: NA | J92: NA | K92: NA | L92: NA | M92: NA | N92: =IF(IF(ISNUMBER(B92),VLOOKUP($A92,List!$A$1:$B$29,2,FALSE))=FALSE,"",IF(ISNUMBER(B92),VLOOKUP($A92,List!$A$1:$B$29,2,FALSE))) | O92: =IF(IF(ISNUMBER(C92),VLOOKUP($A92,List!$A$1:$B$29,2,FALSE))=FALSE,"",IF(ISNUMBER(C92),VLOOKUP($A92,List!$A$1:$B$29,2,FALSE))) -> I am serious about the technology on my boat | P92: =IF(IF(ISNUMBER(D92),VLOOKUP($A92,List!$A$1:$B$29,2,FALSE))=FALSE,"",IF(ISNUMBER(D92),VLOOKUP($A92,List!$A$1:$B$29,2,FALSE))) | Q92: =IF(IF(ISNUMBER(E92),VLOOKUP($A92,List!$A$1:$B$29,2,FALSE))=FALSE,"",IF(ISNUMBER(E92),VLOOKUP($A92,List!$A$1:$B$29,2,FALSE))) | R92: =IF(IF(ISNUMBER(F92),VLOOKUP($A92,List!$A$1:$B$29,2,FALSE))=FALSE,"",IF(ISNUMBER(F92),VLOOKUP($A92,List!$A$1:$B$29,2,FALSE))) | S92: =IF(IF(ISNUMBER(G92),VLOOKUP($A92,List!$A$1:$B$29,2,FALSE))=FALSE,"",IF(ISNUMBER(G92),VLOOKUP($A92,List!$A$1:$B$29,2,FALSE))) | T92: =IF(IF(ISNUMBER(H92),VLOOKUP($A92,List!$A$1:$B$29,2,FALSE))=FALSE,"",IF(ISNUMBER(H92),VLOOKUP($A92,List!$A$1:$B$29,2,FALSE))) | U92: =IF(IF(ISNUMBER(I92),VLOOKUP($A92,List!$A$1:$B$29,2,FALSE))=FALSE,"",IF(ISNUMBER(I92),VLOOKUP($A92,List!$A$1:$B$29,2,FALSE))) | ... Y92: =IF(IF(ISNUMBER(M92),VLOOKUP($A92,List!$A$1:$B$29,2,FALSE))=FALSE,"",IF(ISNUMBER(M92),VLOOKUP($A92,List!$A$1:$B$29,2,FALSE)))
A93: 7 | B93: NA | C93: NA | D93: NA | E93: 0.9 | F93: NA | G93: NA | H93: NA | I93: NA | J93: NA | K93: NA | L93: NA | M93: NA | N93: =IF(IF(ISNUMBER(B93),VLOOKUP($A93,List!$A$1:$B$29,2,FALSE))=FALSE,"",IF(ISNUMBER(B93),VLOOKUP($A93,List!$A$1:$B$29,2,FALSE))) | O93: =IF(IF(ISNUMBER(C93),VLOOKUP($A93,List!$A$1:$B$29,2,FALSE))=FALSE,"",IF(ISNUMBER(C93),VLOOKUP($A93,List!$A$1:$B$29,2,FALSE))) | P93: =IF(IF(ISNUMBER(D93),VLOOKUP($A93,List!$A$1:$B$29,2,FALSE))=FALSE,"",IF(ISNUMBER(D93),VLOOKUP($A93,List!$A$1:$B$29,2,FALSE))) | Q93: =IF(IF(ISNUMBER(E93),VLOOKUP($A93,List!$A$1:$B$29,2,FALSE))=FALSE,"",IF(ISNUMBER(E93),VLOOKUP($A93,List!$A$1:$B$29,2,FALSE))) -> Owning a boat gives me a sense of achievement | R93: =IF(IF(ISNUMBER(F93),VLOOKUP($A93,List!$A$1:$B$29,2,FALSE))=FALSE,"",IF(ISNUMBER(F93),VLOOKUP($A93,List!$A$1:$B$29,2,FALSE))) | S93: =IF(IF(ISNUMBER(G93),VLOOKUP($A93,List!$A$1:$B$29,2,FALSE))=FALSE,"",IF(ISNUMBER(G93),VLOOKUP($A93,List!$A$1:$B$29,2,FALSE))) | T93: =IF(IF(ISNUMBER(H93),VLOOKUP($A93,List!$A$1:$B$29,2,FALSE))=FALSE,"",IF(ISNUMBER(H93),VLOOKUP($A93,List!$A$1:$B$29,2,FALSE))) | U93: =IF(IF(ISNUMBER(I93),VLOOKUP($A93,List!$A$1:$B$29,2,FALSE))=FALSE,"",IF(ISNUMBER(I93),VLOOKUP($A93,List!$A$1:$B$29,2,FALSE))) | ... Y93: =IF(IF(ISNUMBER(M93),VLOOKUP($A93,List!$A$1:$B$29,2,FALSE))=FALSE,"",IF(ISNUMBER(M93),VLOOKUP($A93,List!$A$1:$B$29,2,FALSE)))
A94: 10 | B94: NA | C94: NA | D94: NA | E94: NA | F94: NA | G94: NA | H94: NA | I94: 0.98 | J94: NA | K94: NA | L94: NA | M94: NA | N94: =IF(IF(ISNUMBER(B94),VLOOKUP($A94,List!$A$1:$B$29,2,FALSE))=FALSE,"",IF(ISNUMBER(B94),VLOOKUP($A94,List!$A$1:$B$29,2,FALSE))) | O94: =IF(IF(ISNUMBER(C94),VLOOKUP($A94,List!$A$1:$B$29,2,FALSE))=FALSE,"",IF(ISNUMBER(C94),VLOOKUP($A94,List!$A$1:$B$29,2,FALSE))) | P94: =IF(IF(ISNUMBER(D94),VLOOKUP($A94,List!$A$1:$B$29,2,FALSE))=FALSE,"",IF(ISNUMBER(D94),VLOOKUP($A94,List!$A$1:$B$29,2,FALSE))) | Q94: =IF(IF(ISNUMBER(E94),VLOOKUP($A94,List!$A$1:$B$29,2,FALSE))=FALSE,"",IF(ISNUMBER(E94),VLOOKUP($A94,List!$A$1:$B$29,2,FALSE))) | R94: =IF(IF(ISNUMBER(F94),VLOOKUP($A94,List!$A$1:$B$29,2,FALSE))=FALSE,"",IF(ISNUMBER(F94),VLOOKUP($A94,List!$A$1:$B$29,2,FALSE))) | S94: =IF(IF(ISNUMBER(G94),VLOOKUP($A94,List!$A$1:$B$29,2,FALSE))=FALSE,"",IF(ISNUMBER(G94),VLOOKUP($A94,List!$A$1:$B$29,2,FALSE))) | T94: =IF(IF(ISNUMBER(H94),VLOOKUP($A94,List!$A$1:$B$29,2,FALSE))=FALSE,"",IF(ISNUMBER(H94),VLOOKUP($A94,List!$A$1:$B$29,2,FALSE))) | U94: =IF(IF(ISNUMBER(I94),VLOOKUP($A94,List!$A$1:$B$29,2,FALSE))=FALSE,"",IF(ISNUMBER(I94),VLOOKUP($A94,List!$A$1:$B$29,2,FALSE))) -> When buying a boat, I rely more on expert opinion than my own | ... Y94: =IF(IF(ISNUMBER(M94),VLOOKUP($A94,List!$A$1:$B$29,2,FALSE))=FALSE,"",IF(ISNUMBER(M94),VLOOKUP($A94,List!$A$1:$B$29,2,FALSE)))
A95: 11 | B95: NA | C95: NA | D95: NA | E95: NA | F95: NA | G95: 1.02 | H95: NA | I95: NA | J95: NA | K95: NA | L95: NA | M95: NA | N95: =IF(IF(ISNUMBER(B95),VLOOKUP($A95,List!$A$1:$B$29,2,FALSE))=FALSE,"",IF(ISNUMBER(B95),VLOOKUP($A95,List!$A$1:$B$29,2,FALSE))) | O95: =IF(IF(ISNUMBER(C95),VLOOKUP($A95,List!$A$1:$B$29,2,FALSE))=FALSE,"",IF(ISNUMBER(C95),VLOOKUP($A95,List!$A$1:$B$29,2,FALSE))) | P95: =IF(IF(ISNUMBER(D95),VLOOKUP($A95,List!$A$1:$B$29,2,FALSE))=FALSE,"",IF(ISNUMBER(D95),VLOOKUP($A95,List!$A$1:$B$29,2,FALSE))) | Q95: =IF(IF(ISNUMBER(E95),VLOOKUP($A95,List!$A$1:$B$29,2,FALSE))=FALSE,"",IF(ISNUMBER(E95),VLOOKUP($A95,List!$A$1:$B$29,2,FALSE))) | R95: =IF(IF(ISNUMBER(F95),VLOOKUP($A95,List!$A$1:$B$29,2,FALSE))=FALSE,"",IF(ISNUMBER(F95),VLOOKUP($A95,List!$A$1:$B$29,2,FALSE))) | S95: =IF(IF(ISNUMBER(G95),VLOOKUP($A95,List!$A$1:$B$29,2,FALSE))=FALSE,"",IF(ISNUMBER(G95),VLOOKUP($A95,List!$A$1:$B$29,2,FALSE))) -> I tend to perform minor boat repairs and maintenance on my own | T95: =IF(IF(ISNUMBER(H95),VLOOKUP($A95,List!$A$1:$B$29,2,FALSE))=FALSE,"",IF(ISNUMBER(H95),VLOOKUP($A95,List!$A$1:$B$29,2,FALSE))) | U95: =IF(IF(ISNUMBER(I95),VLOOKUP($A95,List!$A$1:$B$29,2,FALSE))=FALSE,"",IF(ISNUMBER(I95),VLOOKUP($A95,List!$A$1:$B$29,2,FALSE))) | ... Y95: =IF(IF(ISNUMBER(M95),VLOOKUP($A95,List!$A$1:$B$29,2,FALSE))=FALSE,"",IF(ISNUMBER(M95),VLOOKUP($A95,List!$A$1:$B$29,2,FALSE)))
A97: Oblimin
A98: QUESTION | B98: Comp.1 | C98: Comp.2 | D98: Comp.3 | E98: Comp.4 | F98: Comp.5 | G98: Comp.6 | H98: Comp.7 | I98: Comp.8 | J98: Comp.9 | K98: Comp.10 | L98: Comp.11 | M98: Comp.12 | N98: Boat Enthusiast? | O98: Early adopter? | P98: Adventurer? | Q98: Do you value Status? | R98: Cheapo? | S98: could add up to cheapo / DIY | T98: Status? | U98: Do you rely on expert opinion? | V98: Possibly cheapo of geek | W98: Cheapo possibly or deal hunter | X98: RANKComp.11 | Y98: RANKComp.12
A99: 27 | B99: 0.79 | C99: NA | D99: NA | E99: NA | F99: NA | G99: NA | H99: NA | I99: NA | J99: NA | K99: NA | L99: NA | M99: NA | N99: =IF(IF(ISNUMBER(B99),VLOOKUP($A99,List!$A$1:$B$29,2,FALSE))=FALSE,"",IF(ISNUMBER(B99),VLOOKUP($A99,List!$A$1:$B$29,2,FALSE))) -> Boating is the number one thing I do with my spare time | O99: =IF(IF(ISNUMBER(C99),VLOOKUP($A99,List!$A$1:$B$29,2,FALSE))=FALSE,"",IF(ISNUMBER(C99),VLOOKUP($A99,List!$A$1:$B$29,2,FALSE))) | P99: =IF(IF(ISNUMBER(D99),VLOOKUP($A99,List!$A$1:$B$29,2,FALSE))=FALSE,"",IF(ISNUMBER(D99),VLOOKUP($A99,List!$A$1:$B$29,2,FALSE))) | Q99: =IF(IF(ISNUMBER(E99),VLOOKUP($A99,List!$A$1:$B$29,2,FALSE))=FALSE,"",IF(ISNUMBER(E99),VLOOKUP($A99,List!$A$1:$B$29,2,FALSE))) | R99: =IF(IF(ISNUMBER(F99),VLOOKUP($A99,List!$A$1:$B$29,2,FALSE))=FALSE,"",IF(ISNUMBER(F99),VLOOKUP($A99,List!$A$1:$B$29,2,FALSE))) | S99: =IF(IF(ISNUMBER(G99),VLOOKUP($A99,List!$A$1:$B$29,2,FALSE))=FALSE,"",IF(ISNUMBER(G99),VLOOKUP($A99,List!$A$1:$B$29,2,FALSE))) | T99: =IF(IF(ISNUMBER(H99),VLOOKUP($A99,List!$A$1:$B$29,2,FALSE))=FALSE,"",IF(ISNUMBER(H99),VLOOKUP($A99,List!$A$1:$B$29,2,FALSE))) | U99: =IF(IF(ISNUMBER(I99),VLOOKUP($A99,List!$A$1:$B$29,2,FALSE))=FALSE,"",IF(ISNUMBER(I99),VLOOKUP($A99,List!$A$1:$B$29,2,FALSE))) | ... Y99: =IF(IF(ISNUMBER(M99),VLOOKUP($A99,List!$A$1:$B$29,2,FALSE))=FALSE,"",IF(ISNUMBER(M99),VLOOKUP($A99,List!$A$1:$B$29,2,FALSE)))
A100: 28 | B100: 0.76 | C100: NA | D100: NA | E100: NA | F100: NA | G100: NA | H100: NA | I100: NA | J100: NA | K100: NA | L100: NA | M100: NA | N100: =IF(IF(ISNUMBER(B100),VLOOKUP($A100,List!$A$1:$B$29,2,FALSE))=FALSE,"",IF(ISNUMBER(B100),VLOOKUP($A100,List!$A$1:$B$29,2,FALSE))) -> Boating is my true passion in life | O100: =IF(IF(ISNUMBER(C100),VLOOKUP($A100,List!$A$1:$B$29,2,FALSE))=FALSE,"",IF(ISNUMBER(C100),VLOOKUP($A100,List!$A$1:$B$29,2,FALSE))) | P100: =IF(IF(ISNUMBER(D100),VLOOKUP($A100,List!$A$1:$B$29,2,FALSE))=FALSE,"",IF(ISNUMBER(D100),VLOOKUP($A100,List!$A$1:$B$29,2,FALSE))) | Q100: =IF(IF(ISNUMBER(E100),VLOOKUP($A100,List!$A$1:$B$29,2,FALSE))=FALSE,"",IF(ISNUMBER(E100),VLOOKUP($A100,List!$A$1:$B$29,2,FALSE))) | R100: =IF(IF(ISNUMBER(F100),VLOOKUP($A100,List!$A$1:$B$29,2,FALSE))=FALSE,"",IF(ISNUMBER(F100),VLOOKUP($A100,List!$A$1:$B$29,2,FALSE))) | S100: =IF(IF(ISNUMBER(G100),VLOOKUP($A100,List!$A$1:$B$29,2,FALSE))=FALSE,"",IF(ISNUMBER(G100),VLOOKUP($A100,List!$A$1:$B$29,2,FALSE))) | T100: =IF(IF(ISNUMBER(H100),VLOOKUP($A100,List!$A$1:$B$29,2,FALSE))=FALSE,"",IF(ISNUMBER(H100),VLOOKUP($A100,List!$A$1:$B$29,2,FALSE))) | U100: =IF(IF(ISNUMBER(I100),VLOOKUP($A100,List!$A$1:$B$29,2,FALSE))=FALSE,"",IF(ISNUMBER(I100),VLOOKUP($A100,List!$A$1:$B$29,2,FALSE))) | ... Y100: =IF(IF(ISNUMBER(M100),VLOOKUP($A100,List!$A$1:$B$29,2,FALSE))=FALSE,"",IF(ISNUMBER(M100),VLOOKUP($A100,List!$A$1:$B$29,2,FALSE)))
A101: 20 | B101: 0.59 | C101: NA | D101: NA | E101: NA | F101: NA | G101: NA | H101: NA | I101: NA | J101: NA | K101: NA | L101: NA | M101: NA | N101: =IF(IF(ISNUMBER(B101),VLOOKUP($A101,List!$A$1:$B$29,2,FALSE))=FALSE,"",IF(ISNUMBER(B101),VLOOKUP($A101,List!$A$1:$B$29,2,FALSE))) -> When not on my boat, I often find myself doing boating related activities | O101: =IF(IF(ISNUMBER(C101),VLOOKUP($A101,List!$A$1:$B$29,2,FALSE))=FALSE,"",IF(ISNUMBER(C101),VLOOKUP($A101,List!$A$1:$B$29,2,FALSE))) | P101: =IF(IF(ISNUMBER(D101),VLOOKUP($A101,List!$A$1:$B$29,2,FALSE))=FALSE,"",IF(ISNUMBER(D101),VLOOKUP($A101,List!$A$1:$B$29,2,FALSE))) | Q101: =IF(IF(ISNUMBER(E101),VLOOKUP($A101,List!$A$1:$B$29,2,FALSE))=FALSE,"",IF(ISNUMBER(E101),VLOOKUP($A101,List!$A$1:$B$29,2,FALSE))) | R101: =IF(IF(ISNUMBER(F101),VLOOKUP($A101,List!$A$1:$B$29,2,FALSE))=FALSE,"",IF(ISNUMBER(F101),VLOOKUP($A101,List!$A$1:$B$29,2,FALSE))) | S101: =IF(IF(ISNUMBER(G101),VLOOKUP($A101,List!$A$1:$B$29,2,FALSE))=FALSE,"",IF(ISNUMBER(G101),VLOOKUP($A101,List!$A$1:$B$29,2,FALSE))) | T101: =IF(IF(ISNUMBER(H101),VLOOKUP($A101,List!$A$1:$B$29,2,FALSE))=FALSE,"",IF(ISNUMBER(H101),VLOOKUP($A101,List!$A$1:$B$29,2,FALSE))) | U101: =IF(IF(ISNUMBER(I101),VLOOKUP($A101,List!$A$1:$B$29,2,FALSE))=FALSE,"",IF(ISNUMBER(I101),VLOOKUP($A101,List!$A$1:$B$29,2,FALSE))) | ... Y101: =IF(IF(ISNUMBER(M101),VLOOKUP($A101,List!$A$1:$B$29,2,FALSE))=FALSE,"",IF(ISNUMBER(M101),VLOOKUP($A101,List!$A$1:$B$29,2,FALSE)))
A102: 23 | B102: 0.58 | C102: NA | D102: NA | E102: NA | F102: NA | G102: NA | H102: NA | I102: NA | J102: NA | K102: NA | L102: NA | M102: NA | N102: =IF(IF(ISNUMBER(B102),VLOOKUP($A102,List!$A$1:$B$29,2,FALSE))=FALSE,"",IF(ISNUMBER(B102),VLOOKUP($A102,List!$A$1:$B$29,2,FALSE))) -> Boating allows me to excel in the sports that I am passionate about | O102: =IF(IF(ISNUMBER(C102),VLOOKUP($A102,List!$A$1:$B$29,2,FALSE))=FALSE,"",IF(ISNUMBER(C102),VLOOKUP($A102,List!$A$1:$B$29,2,FALSE))) | P102: =IF(IF(ISNUMBER(D102),VLOOKUP($A102,List!$A$1:$B$29,2,FALSE))=FALSE,"",IF(ISNUMBER(D102),VLOOKUP($A102,List!$A$1:$B$29,2,FALSE))) | Q102: =IF(IF(ISNUMBER(E102),VLOOKUP($A102,List!$A$1:$B$29,2,FALSE))=FALSE,"",IF(ISNUMBER(E102),VLOOKUP($A102,List!$A$1:$B$29,2,FALSE))) | R102: =IF(IF(ISNUMBER(F102),VLOOKUP($A102,List!$A$1:$B$29,2,FALSE))=FALSE,"",IF(ISNUMBER(F102),VLOOKUP($A102,List!$A$1:$B$29,2,FALSE))) | S102: =IF(IF(ISNUMBER(G102),VLOOKUP($A102,List!$A$1:$B$29,2,FALSE))=FALSE,"",IF(ISNUMBER(G102),VLOOKUP($A102,List!$A$1:$B$29,2,FALSE))) | T102: =IF(IF(ISNUMBER(H102),VLOOKUP($A102,List!$A$1:$B$29,2,FALSE))=FALSE,"",IF(ISNUMBER(H102),VLOOKUP($A102,List!$A$1:$B$29,2,FALSE))) | U102: =IF(IF(ISNUMBER(I102),VLOOKUP($A102,List!$A$1:$B$29,2,FALSE))=FALSE,"",IF(ISNUMBER(I102),VLOOKUP($A102,List!$A$1:$B$29,2,FALSE))) | ... Y102: =IF(IF(ISNUMBER(M102),VLOOKUP($A102,List!$A$1:$B$29,2,FALSE))=FALSE,"",IF(ISNUMBER(M102),VLOOKUP($A102,List!$A$1:$B$29,2,FALSE)))
A103: 16 | B103: 0.54 | C103: NA | D103: NA | E103: NA | F103: NA | G103: NA | H103: NA | I103: NA | J103: NA | K103: NA | L103: NA | M103: NA | N103: =IF(IF(ISNUMBER(B103),VLOOKUP($A103,List!$A$1:$B$29,2,FALSE))=FALSE,"",IF(ISNUMBER(B103),VLOOKUP($A103,List!$A$1:$B$29,2,FALSE))) -> People tend to come to me for advice about boating | O103: =IF(IF(ISNUMBER(C103),VLOOKUP($A103,List!$A$1:$B$29,2,FALSE))=FALSE,"",IF(ISNUMBER(C103),VLOOKUP($A103,List!$A$1:$B$29,2,FALSE))) | P103: =IF(IF(ISNUMBER(D103),VLOOKUP($A103,List!$A$1:$B$29,2,FALSE))=FALSE,"",IF(ISNUMBER(D103),VLOOKUP($A103,List!$A$1:$B$29,2,FALSE))) | Q103: =IF(IF(ISNUMBER(E103),VLOOKUP($A103,List!$A$1:$B$29,2,FALSE))=FALSE,"",IF(ISNUMBER(E103),VLOOKUP($A103,List!$A$1:$B$29,2,FALSE))) | R103: =IF(IF(ISNUMBER(F103),VLOOKUP($A103,List!$A$1:$B$29,2,FALSE))=FALSE,"",IF(ISNUMBER(F103),VLOOKUP($A103,List!$A$1:$B$29,2,FALSE))) | S103: =IF(IF(ISNUMBER(G103),VLOOKUP($A103,List!$A$1:$B$29,2,FALSE))=FALSE,"",IF(ISNUMBER(G103),VLOOKUP($A103,List!$A$1:$B$29,2,FALSE))) | T103: =IF(IF(ISNUMBER(H103),VLOOKUP($A103,List!$A$1:$B$29,2,FALSE))=FALSE,"",IF(ISNUMBER(H103),VLOOKUP($A103,List!$A$1:$B$29,2,FALSE))) | U103: =IF(IF(ISNUMBER(I103),VLOOKUP($A103,List!$A$1:$B$29,2,FALSE))=FALSE,"",IF(ISNUMBER(I103),VLOOKUP($A103,List!$A$1:$B$29,2,FALSE))) | ... Y103: =IF(IF(ISNUMBER(M103),VLOOKUP($A103,List!$A$1:$B$29,2,FALSE))=FALSE,"",IF(ISNUMBER(M103),VLOOKUP($A103,List!$A$1:$B$29,2,FALSE)))
A104: 17 | B104: NA | C104: NA | D104: NA | E104: NA | F104: NA | G104: NA | H104: NA | I104: NA | J104: NA | K104: NA | L104: NA | M104: NA | N104: =IF(IF(ISNUMBER(B104),VLOOKUP($A104,List!$A$1:$B$29,2,FALSE))=FALSE,"",IF(ISNUMBER(B104),VLOOKUP($A104,List!$A$1:$B$29,2,FALSE))) | O104: =IF(IF(ISNUMBER(C104),VLOOKUP($A104,List!$A$1:$B$29,2,FALSE))=FALSE,"",IF(ISNUMBER(C104),VLOOKUP($A104,List!$A$1:$B$29,2,FALSE))) | P104: =IF(IF(ISNUMBER(D104),VLOOKUP($A104,List!$A$1:$B$29,2,FALSE))=FALSE,"",IF(ISNUMBER(D104),VLOOKUP($A104,List!$A$1:$B$29,2,FALSE))) | Q104: =IF(IF(ISNUMBER(E104),VLOOKUP($A104,List!$A$1:$B$29,2,FALSE))=FALSE,"",IF(ISNUMBER(E104),VLOOKUP($A104,List!$A$1:$B$29,2,FALSE))) | R104: =IF(IF(ISNUMBER(F104),VLOOKUP($A104,List!$A$1:$B$29,2,FALSE))=FALSE,"",IF(ISNUMBER(F104),VLOOKUP($A104,List!$A$1:$B$29,2,FALSE))) | S104: =IF(IF(ISNUMBER(G104),VLOOKUP($A104,List!$A$1:$B$29,2,FALSE))=FALSE,"",IF(ISNUMBER(G104),VLOOKUP($A104,List!$A$1:$B$29,2,FALSE))) | T104: =IF(IF(ISNUMBER(H104),VLOOKUP($A104,List!$A$1:$B$29,2,FALSE))=FALSE,"",IF(ISNUMBER(H104),VLOOKUP($A104,List!$A$1:$B$29,2,FALSE))) | U104: =IF(IF(ISNUMBER(I104),VLOOKUP($A104,List!$A$1:$B$29,2,FALSE))=FALSE,"",IF(ISNUMBER(I104),VLOOKUP($A104,List!$A$1:$B$29,2,FALSE))) | ... Y104: =IF(IF(ISNUMBER(M104),VLOOKUP($A104,List!$A$1:$B$29,2,FALSE))=FALSE,"",IF(ISNUMBER(M104),VLOOKUP($A104,List!$A$1:$B$29,2,FALSE)))
A105: 26 | B105: NA | C105: NA | D105: NA | E105: NA | F105: NA | G105: NA | H105: NA | I105: NA | J105: NA | K105: NA | L105: NA | M105: NA | N105: =IF(IF(ISNUMBER(B105),VLOOKUP($A105,List!$A$1:$B$29,2,FALSE))=FALSE,"",IF(ISNUMBER(B105),VLOOKUP($A105,List!$A$1:$B$29,2,FALSE))) | O105: =IF(IF(ISNUMBER(C105),VLOOKUP($A105,List!$A$1:$B$29,2,FALSE))=FALSE,"",IF(ISNUMBER(C105),VLOOKUP($A105,List!$A$1:$B$29,2,FALSE))) | P105: =IF(IF(ISNUMBER(D105),VLOOKUP($A105,List!$A$1:$B$29,2,FALSE))=FALSE,"",IF(ISNUMBER(D105),VLOOKUP($A105,List!$A$1:$B$29,2,FALSE))) | Q105: =IF(IF(ISNUMBER(E105),VLOOKUP($A105,List!$A$1:$B$29,2,FALSE))=FALSE,"",IF(ISNUMBER(E105),VLOOKUP($A105,List!$A$1:$B$29,2,FALSE))) | R105: =IF(IF(ISNUMBER(F105),VLOOKUP($A105,List!$A$1:$B$29,2,FALSE))=FALSE,"",IF(ISNUMBER(F105),VLOOKUP($A105,List!$A$1:$B$29,2,FALSE))) | S105: =IF(IF(ISNUMBER(G105),VLOOKUP($A105,List!$A$1:$B$29,2,FALSE))=FALSE,"",IF(ISNUMBER(G105),VLOOKUP($A105,List!$A$1:$B$29,2,FALSE))) | T105: =IF(IF(ISNUMBER(H105),VLOOKUP($A105,List!$A$1:$B$29,2,FALSE))=FALSE,"",IF(ISNUMBER(H105),VLOOKUP($A105,List!$A$1:$B$29,2,FALSE))) | U105: =IF(IF(ISNUMBER(I105),VLOOKUP($A105,List!$A$1:$B$29,2,FALSE))=FALSE,"",IF(ISNUMBER(I105),VLOOKUP($A105,List!$A$1:$B$29,2,FALSE))) | ... Y105: =IF(IF(ISNUMBER(M105),VLOOKUP($A105,List!$A$1:$B$29,2,FALSE))=FALSE,"",IF(ISNUMBER(M105),VLOOKUP($A105,List!$A$1:$B$29,2,FALSE)))
A106: 22 | B106: NA | C106: NA | D106: NA | E106: NA | F106: NA | G106: NA | H106: NA | I106: NA | J106: NA | K106: NA | L106: NA | M106: NA | N106: =IF(IF(ISNUMBER(B106),VLOOKUP($A106,List!$A$1:$B$29,2,FALSE))=FALSE,"",IF(ISNUMBER(B106),VLOOKUP($A106,List!$A$1:$B$29,2,FALSE))) | O106: =IF(IF(ISNUMBER(C106),VLOOKUP($A106,List!$A$1:$B$29,2,FALSE))=FALSE,"",IF(ISNUMBER(C106),VLOOKUP($A106,List!$A$1:$B$29,2,FALSE))) | P106: =IF(IF(ISNUMBER(D106),VLOOKUP($A106,List!$A$1:$B$29,2,FALSE))=FALSE,"",IF(ISNUMBER(D106),VLOOKUP($A106,List!$A$1:$B$29,2,FALSE))) | Q106: =IF(IF(ISNUMBER(E106),VLOOKUP($A106,List!$A$1:$B$29,2,FALSE))=FALSE,"",IF(ISNUMBER(E106),VLOOKUP($A106,List!$A$1:$B$29,2,FALSE))) | R106: =IF(IF(ISNUMBER(F106),VLOOKUP($A106,List!$A$1:$B$29,2,FALSE))=FALSE,"",IF(ISNUMBER(F106),VLOOKUP($A106,List!$A$1:$B$29,2,FALSE))) | S106: =IF(IF(ISNUMBER(G106),VLOOKUP($A106,List!$A$1:$B$29,2,FALSE))=FALSE,"",IF(ISNUMBER(G106),VLOOKUP($A106,List!$A$1:$B$29,2,FALSE))) | T106: =IF(IF(ISNUMBER(H106),VLOOKUP($A106,List!$A$1:$B$29,2,FALSE))=FALSE,"",IF(ISNUMBER(H106),VLOOKUP($A106,List!$A$1:$B$29,2,FALSE))) | U106: =IF(IF(ISNUMBER(I106),VLOOKUP($A106,List!$A$1:$B$29,2,FALSE))=FALSE,"",IF(ISNUMBER(I106),VLOOKUP($A106,List!$A$1:$B$29,2,FALSE))) | ... Y106: =IF(IF(ISNUMBER(M106),VLOOKUP($A106,List!$A$1:$B$29,2,FALSE))=FALSE,"",IF(ISNUMBER(M106),VLOOKUP($A106,List!$A$1:$B$29,2,FALSE)))
A107: 12 | B107: NA | C107: NA | D107: NA | E107: NA | F107: NA | G107: NA | H107: NA | I107: NA | J107: NA | K107: NA | L107: NA | M107: NA | N107: =IF(IF(ISNUMBER(B107),VLOOKUP($A107,List!$A$1:$B$29,2,FALSE))=FALSE,"",IF(ISNUMBER(B107),VLOOKUP($A107,List!$A$1:$B$29,2,FALSE))) | O107: =IF(IF(ISNUMBER(C107),VLOOKUP($A107,List!$A$1:$B$29,2,FALSE))=FALSE,"",IF(ISNUMBER(C107),VLOOKUP($A107,List!$A$1:$B$29,2,FALSE))) | P107: =IF(IF(ISNUMBER(D107),VLOOKUP($A107,List!$A$1:$B$29,2,FALSE))=FALSE,"",IF(ISNUMBER(D107),VLOOKUP($A107,List!$A$1:$B$29,2,FALSE))) | Q107: =IF(IF(ISNUMBER(E107),VLOOKUP($A107,List!$A$1:$B$29,2,FALSE))=FALSE,"",IF(ISNUMBER(E107),VLOOKUP($A107,List!$A$1:$B$29,2,FALSE))) | R107: =IF(IF(ISNUMBER(F107),VLOOKUP($A107,List!$A$1:$B$29,2,FALSE))=FALSE,"",IF(ISNUMBER(F107),VLOOKUP($A107,List!$A$1:$B$29,2,FALSE))) | S107: =IF(IF(ISNUMBER(G107),VLOOKUP($A107,List!$A$1:$B$29,2,FALSE))=FALSE,"",IF(ISNUMBER(G107),VLOOKUP($A107,List!$A$1:$B$29,2,FALSE))) | T107: =IF(IF(ISNUMBER(H107),VLOOKUP($A107,List!$A$1:$B$29,2,FALSE))=FALSE,"",IF(ISNUMBER(H107),VLOOKUP($A107,List!$A$1:$B$29,2,FALSE))) | U107: =IF(IF(ISNUMBER(I107),VLOOKUP($A107,List!$A$1:$B$29,2,FALSE))=FALSE,"",IF(ISNUMBER(I107),VLOOKUP($A107,List!$A$1:$B$29,2,FALSE))) | ... Y107: =IF(IF(ISNUMBER(M107),VLOOKUP($A107,List!$A$1:$B$29,2,FALSE))=FALSE,"",IF(ISNUMBER(M107),VLOOKUP($A107,List!$A$1:$B$29,2,FALSE)))
A108: 3 | B108: NA | C108: NA | D108: 0.54 | E108: NA | F108: NA | G108: NA | H108: NA | I108: NA | J108: NA | K108: NA | L108: NA | M108: NA | N108: =IF(IF(ISNUMBER(B108),VLOOKUP($A108,List!$A$1:$B$29,2,FALSE))=FALSE,"",IF(ISNUMBER(B108),VLOOKUP($A108,List!$A$1:$B$29,2,FALSE))) | O108: =IF(IF(ISNUMBER(C108),VLOOKUP($A108,List!$A$1:$B$29,2,FALSE))=FALSE,"",IF(ISNUMBER(C108),VLOOKUP($A108,List!$A$1:$B$29,2,FALSE))) | P108: =IF(IF(ISNUMBER(D108),VLOOKUP($A108,List!$A$1:$B$29,2,FALSE))=FALSE,"",IF(ISNUMBER(D108),VLOOKUP($A108,List!$A$1:$B$29,2,FALSE))) -> The brand of the boat I buy says a lot about who I am | Q108: =IF(IF(ISNUMBER(E108),VLOOKUP($A108,List!$A$1:$B$29,2,FALSE))=FALSE,"",IF(ISNUMBER(E108),VLOOKUP($A108,List!$A$1:$B$29,2,FALSE))) | R108: =IF(IF(ISNUMBER(F108),VLOOKUP($A108,List!$A$1:$B$29,2,FALSE))=FALSE,"",IF(ISNUMBER(F108),VLOOKUP($A108,List!$A$1:$B$29,2,FALSE))) | S108: =IF(IF(ISNUMBER(G108),VLOOKUP($A108,List!$A$1:$B$29,2,FALSE))=FALSE,"",IF(ISNUMBER(G108),VLOOKUP($A108,List!$A$1:$B$29,2,FALSE))) | T108: =IF(IF(ISNUMBER(H108),VLOOKUP($A108,List!$A$1:$B$29,2,FALSE))=FALSE,"",IF(ISNUMBER(H108),VLOOKUP($A108,List!$A$1:$B$29,2,FALSE))) | U108: =IF(IF(ISNUMBER(I108),VLOOKUP($A108,List!$A$1:$B$29,2,FALSE))=FALSE,"",IF(ISNUMBER(I108),VLOOKUP($A108,List!$A$1:$B$29,2,FALSE))) | ... Y108: =IF(IF(ISNUMBER(M108),VLOOKUP($A108,List!$A$1:$B$29,2,FALSE))=FALSE,"",IF(ISNUMBER(M108),VLOOKUP($A108,List!$A$1:$B$29,2,FALSE)))
...

Sheet List
A1: 1 | B1: When buying a boat, I do a lot of shopping around and visit multiple dealers
A2: 2 | B2: When buying a bot, getting the lowest P is more important than brand
A3: 3 | B3: The brand of the boat I buy says a lot about who I am
A4: 4 | B4: I only consider buying a boat from a reputable brand
A5: 5 | B5: I am willing to pay a premium for a brand with a reputation for high quality
A6: 6 | B6: Owning a boat is a way of rewarding myself for hard work
A7: 7 | B7: Owning a boat gives me a sense of achievement
A8: 8 | B8: When buying a boat, functionality is more important than style
A9: 9 | B9: I see my boat as status symbol
A10: 10 | B10: When buying a boat, I rely more on expert opinion than my own
A11: 11 | B11: I tend to perform minor boat repairs and maintenance on my own
A12: 12 | B12: When it comes to boating, I tend to prefer a basic boat with little to no frills
... A29: 29 | B29: Boating is one of many things I do in my spare time

Sheet Manual - 7 factors
A1: PROMAX
A2: QUESTION | B2: Comp.1 | C2: Comp.2 | D2: Comp.3 | E2: Comp.4 | F2: Comp.5 | G2: Comp.6 | H2: Comp.7 | I2: Comp.8 | J2: Comp.9 | K2: Comp.10 | L2: Comp.11 | M2: Comp.12 | N2: Escaper | O2: Enthusiast / passionate about boats | P2: Status | Q2: Brand importance vs Price conscious | R2: Cheapo | S2: Do you have boat expertize? | T2: Deal hunter | X2: QUESTION | Y2: Escaper | Z2: Enthusiast / passionate about boats | AA2: Status | AB2: Brand consciousness | AC2: Cheapo | AD2: Do you have boat expertize? | AE2: Deal hunter
A3: 21 | B3: 0.76 | C3: NA | D3: NA | E3: NA | F3: NA | G3: NA | H3: NA | N3: =IF(IF(ISNUMBER(B3),VLOOKUP($A3,List!$A$1:$B$29,2,FALSE))=FALSE,"",IF(ISNUMBER(B3),VLOOKUP($A3,List!$A$1:$B$29,2,FALSE))) -> Boating helps me escape from everyday life and relax | O3: =IF(IF(ISNUMBER(C3),VLOOKUP($A3,List!$A$1:$B$29,2,FALSE))=FALSE,"",IF(ISNUMBER(C3),VLOOKUP($A3,List!$A$1:$B$29,2,FALSE))) | P3: =IF(IF(ISNUMBER(D3),VLOOKUP($A3,List!$A$1:$B$29,2,FALSE))=FALSE,"",IF(ISNUMBER(D3),VLOOKUP($A3,List!$A$1:$B$29,2,FALSE))) | Q3: =IF(IF(ISNUMBER(E3),VLOOKUP($A3,List!$A$1:$B$29,2,FALSE))=FALSE,"",IF(ISNUMBER(E3),VLOOKUP($A3,List!$A$1:$B$29,2,FALSE))) | R3: =IF(IF(ISNUMBER(F3),VLOOKUP($A3,List!$A$1:$B$29,2,FALSE))=FALSE,"",IF(ISNUMBER(F3),VLOOKUP($A3,List!$A$1:$B$29,2,FALSE))) | S3: =IF(IF(ISNUMBER(G3),VLOOKUP($A3,List!$A$1:$B$29,2,FALSE))=FALSE,"",IF(ISNUMBER(G3),VLOOKUP($A3,List!$A$1:$B$29,2,FALSE))) | T3: =IF(IF(ISNUMBER(H3),VLOOKUP($A3,List!$A$1:$B$29,2,FALSE))=FALSE,"",IF(ISNUMBER(H3),VLOOKUP($A3,List!$A$1:$B$29,2,FALSE))) | X3: 21 | Y3: =IF(ISNUMBER(B3),"include","") -> include | Z3: =IF(ISNUMBER(C3),"include","") | AA3: =IF(ISNUMBER(D3),"include","") | AB3: =IF(ISNUMBER(E3),"include","") | AC3: =IF(ISNUMBER(F3),"include","") | AD3: =IF(ISNUMBER(G3),"include","") | AE3: =IF(ISNUMBER(H3),"include","")
A4: 18 | B4: 0.71 | C4: NA | D4: NA | E4: NA | F4: NA | G4: NA | H4: NA | N4: =IF(IF(ISNUMBER(B4),VLOOKUP($A4,List!$A$1:$B$29,2,FALSE))=FALSE,"",IF(ISNUMBER(B4),VLOOKUP($A4,List!$A$1:$B$29,2,FALSE))) -> Boating gives me a feeling of adventure | O4: =IF(IF(ISNUMBER(C4),VLOOKUP($A4,List!$A$1:$B$29,2,FALSE))=FALSE,"",IF(ISNUMBER(C4),VLOOKUP($A4,List!$A$1:$B$29,2,FALSE))) | P4: =IF(IF(ISNUMBER(D4),VLOOKUP($A4,List!$A$1:$B$29,2,FALSE))=FALSE,"",IF(ISNUMBER(D4),VLOOKUP($A4,List!$A$1:$B$29,2,FALSE))) | Q4: =IF(IF(ISNUMBER(E4),VLOOKUP($A4,List!$A$1:$B$29,2,FALSE))=FALSE,"",IF(ISNUMBER(E4),VLOOKUP($A4,List!$A$1:$B$29,2,FALSE))) | R4: =IF(IF(ISNUMBER(F4),VLOOKUP($A4,List!$A$1:$B$29,2,FALSE))=FALSE,"",IF(ISNUMBER(F4),VLOOKUP($A4,List!$A$1:$B$29,2,FALSE))) | S4: =IF(IF(ISNUMBER(G4),VLOOKUP($A4,List!$A$1:$B$29,2,FALSE))=FALSE,"",IF(ISNUMBER(G4),VLOOKUP($A4,List!$A$1:$B$29,2,FALSE))) | T4: =IF(IF(ISNUMBER(H4),VLOOKUP($A4,List!$A$1:$B$29,2,FALSE))=FALSE,"",IF(ISNUMBER(H4),VLOOKUP($A4,List!$A$1:$B$29,2,FALSE))) | X4: 18 | Y4: =IF(ISNUMBER(B4),"include","") -> include | Z4: =IF(ISNUMBER(C4),"include","") | AA4: =IF(ISNUMBER(D4),"include","") | AB4: =IF(ISNUMBER(E4),"include","") | AC4: =IF(ISNUMBER(F4),"include","") | AD4: =IF(ISNUMBER(G4),"include","") | AE4: =IF(ISNUMBER(H4),"include","")
A5: 19 | B5: 0.68 | C5: NA | D5: NA | E5: NA | F5: NA | G5: NA | H5: NA | N5: =IF(IF(ISNUMBER(B5),VLOOKUP($A5,List!$A$1:$B$29,2,FALSE))=FALSE,"",IF(ISNUMBER(B5),VLOOKUP($A5,List!$A$1:$B$29,2,FALSE))) -> Boating allows me to experience nature | O5: =IF(IF(ISNUMBER(C5),VLOOKUP($A5,List!$A$1:$B$29,2,FALSE))=FALSE,"",IF(ISNUMBER(C5),VLOOKUP($A5,List!$A$1:$B$29,2,FALSE))) | P5: =IF(IF(ISNUMBER(D5),VLOOKUP($A5,List!$A$1:$B$29,2,FALSE))=FALSE,"",IF(ISNUMBER(D5),VLOOKUP($A5,List!$A$1:$B$29,2,FALSE))) | Q5: =IF(IF(ISNUMBER(E5),VLOOKUP($A5,List!$A$1:$B$29,2,FALSE))=FALSE,"",IF(ISNUMBER(E5),VLOOKUP($A5,List!$A$1:$B$29,2,FALSE))) | R5: =IF(IF(ISNUMBER(F5),VLOOKUP($A5,List!$A$1:$B$29,2,FALSE))=FALSE,"",IF(ISNUMBER(F5),VLOOKUP($A5,List!$A$1:$B$29,2,FALSE))) | S5: =IF(IF(ISNUMBER(G5),VLOOKUP($A5,List!$A$1:$B$29,2,FALSE))=FALSE,"",IF(ISNUMBER(G5),VLOOKUP($A5,List!$A$1:$B$29,2,FALSE))) | T5: =IF(IF(ISNUMBER(H5),VLOOKUP($A5,List!$A$1:$B$29,2,FALSE))=FALSE,"",IF(ISNUMBER(H5),VLOOKUP($A5,List!$A$1:$B$29,2,FALSE))) | X5: 19 | Y5: =IF(ISNUMBER(B5),"include","") -> include | Z5: =IF(ISNUMBER(C5),"include","") | AA5: =IF(ISNUMBER(D5),"include","") | AB5: =IF(ISNUMBER(E5),"include","") | AC5: =IF(ISNUMBER(F5),"include","") | AD5: =IF(ISNUMBER(G5),"include","") | AE5: =IF(ISNUMBER(H5),"include","")
A6: 24 | B6: 0.63 | C6: NA | D6: NA | E6: NA | F6: NA | G6: NA | H6: NA | N6: =IF(IF(ISNUMBER(B6),VLOOKUP($A6,List!$A$1:$B$29,2,FALSE))=FALSE,"",IF(ISNUMBER(B6),VLOOKUP($A6,List!$A$1:$B$29,2,FALSE))) -> Boating gives me an outlet to socialize with family/friends | O6: =IF(IF(ISNUMBER(C6),VLOOKUP($A6,List!$A$1:$B$29,2,FALSE))=FALSE,"",IF(ISNUMBER(C6),VLOOKUP($A6,List!$A$1:$B$29,2,FALSE))) | P6: =IF(IF(ISNUMBER(D6),VLOOKUP($A6,List!$A$1:$B$29,2,FALSE))=FALSE,"",IF(ISNUMBER(D6),VLOOKUP($A6,List!$A$1:$B$29,2,FALSE))) | Q6: =IF(IF(ISNUMBER(E6),VLOOKUP($A6,List!$A$1:$B$29,2,FALSE))=FALSE,"",IF(ISNUMBER(E6),VLOOKUP($A6,List!$A$1:$B$29,2,FALSE))) | R6: =IF(IF(ISNUMBER(F6),VLOOKUP($A6,List!$A$1:$B$29,2,FALSE))=FALSE,"",IF(ISNUMBER(F6),VLOOKUP($A6,List!$A$1:$B$29,2,FALSE))) | S6: =IF(IF(ISNUMBER(G6),VLOOKUP($A6,List!$A$1:$B$29,2,FALSE))=FALSE,"",IF(ISNUMBER(G6),VLOOKUP($A6,List!$A$1:$B$29,2,FALSE))) | T6: =IF(IF(ISNUMBER(H6),VLOOKUP($A6,List!$A$1:$B$29,2,FALSE))=FALSE,"",IF(ISNUMBER(H6),VLOOKUP($A6,List!$A$1:$B$29,2,FALSE))) | X6: 24 | Y6: =IF(ISNUMBER(B6),"include","") -> include | Z6: =IF(ISNUMBER(C6),"include","") | AA6: =IF(ISNUMBER(D6),"include","") | AB6: =IF(ISNUMBER(E6),"include","") | AC6: =IF(ISNUMBER(F6),"include","") | AD6: =IF(ISNUMBER(G6),"include","") | AE6: =IF(ISNUMBER(H6),"include","")
A7: 6 | B7: 0.59 | C7: NA | D7: NA | E7: NA | F7: NA | G7: NA | H7: NA | N7: =IF(IF(ISNUMBER(B7),VLOOKUP($A7,List!$A$1:$B$29,2,FALSE))=FALSE,"",IF(ISNUMBER(B7),VLOOKUP($A7,List!$A$1:$B$29,2,FALSE))) -> Owning a boat is a way of rewarding myself for hard work | O7: =IF(IF(ISNUMBER(C7),VLOOKUP($A7,List!$A$1:$B$29,2,FALSE))=FALSE,"",IF(ISNUMBER(C7),VLOOKUP($A7,List!$A$1:$B$29,2,FALSE))) | P7: =IF(IF(ISNUMBER(D7),VLOOKUP($A7,List!$A$1:$B$29,2,FALSE))=FALSE,"",IF(ISNUMBER(D7),VLOOKUP($A7,List!$A$1:$B$29,2,FALSE))) | Q7: =IF(IF(ISNUMBER(E7),VLOOKUP($A7,List!$A$1:$B$29,2,FALSE))=FALSE,"",IF(ISNUMBER(E7),VLOOKUP($A7,List!$A$1:$B$29,2,FALSE))) | R7: =IF(IF(ISNUMBER(F7),VLOOKUP($A7,List!$A$1:$B$29,2,FALSE))=FALSE,"",IF(ISNUMBER(F7),VLOOKUP($A7,List!$A$1:$B$29,2,FALSE))) | S7: =IF(IF(ISNUMBER(G7),VLOOKUP($A7,List!$A$1:$B$29,2,FALSE))=FALSE,"",IF(ISNUMBER(G7),VLOOKUP($A7,List!$A$1:$B$29,2,FALSE))) | T7: =IF(IF(ISNUMBER(H7),VLOOKUP($A7,List!$A$1:$B$29,2,FALSE))=FALSE,"",IF(ISNUMBER(H7),VLOOKUP($A7,List!$A$1:$B$29,2,FALSE))) | X7: 6 | Y7: =IF(ISNUMBER(B7),"include","") -> include | Z7: =IF(ISNUMBER(C7),"include","") | AA7: =IF(ISNUMBER(D7),"include","") | AB7: =IF(ISNUMBER(E7),"include","") | AC7: =IF(ISNUMBER(F7),"include","") | AD7: =IF(ISNUMBER(G7),"include","") | AE7: =IF(ISNUMBER(H7),"include","")
A8: 22 | B8: 0.57 | C8: NA | D8: NA | E8: NA | F8: NA | G8: NA | H8: NA | N8: =IF(IF(ISNUMBER(B8),VLOOKUP($A8,List!$A$1:$B$29,2,FALSE))=FALSE,"",IF(ISNUMBER(B8),VLOOKUP($A8,List!$A$1:$B$29,2,FALSE))) -> Boating helps me stay active | O8: =IF(IF(ISNUMBER(C8),VLOOKUP($A8,List!$A$1:$B$29,2,FALSE))=FALSE,"",IF(ISNUMBER(C8),VLOOKUP($A8,List!$A$1:$B$29,2,FALSE))) | P8: =IF(IF(ISNUMBER(D8),VLOOKUP($A8,List!$A$1:$B$29,2,FALSE))=FALSE,"",IF(ISNUMBER(D8),VLOOKUP($A8,List!$A$1:$B$29,2,FALSE))) | Q8: =IF(IF(ISNUMBER(E8),VLOOKUP($A8,List!$A$1:$B$29,2,FALSE))=FALSE,"",IF(ISNUMBER(E8),VLOOKUP($A8,List!$A$1:$B$29,2,FALSE))) | R8: =IF(IF(ISNUMBER(F8),VLOOKUP($A8,List!$A$1:$B$29,2,FALSE))=FALSE,"",IF(ISNUMBER(F8),VLOOKUP($A8,List!$A$1:$B$29,2,FALSE))) | S8: =IF(IF(ISNUMBER(G8),VLOOKUP($A8,List!$A$1:$B$29,2,FALSE))=FALSE,"",IF(ISNUMBER(G8),VLOOKUP($A8,List!$A$1:$B$29,2,FALSE))) | T8: =IF(IF(ISNUMBER(H8),VLOOKUP($A8,List!$A$1:$B$29,2,FALSE))=FALSE,"",IF(ISNUMBER(H8),VLOOKUP($A8,List!$A$1:$B$29,2,FALSE))) | X8: 22 | Y8: =IF(ISNUMBER(B8),"include","") -> include | Z8: =IF(ISNUMBER(C8),"include","") | AA8: =IF(ISNUMBER(D8),"include","") | AB8: =IF(ISNUMBER(E8),"include","") | AC8: =IF(ISNUMBER(F8),"include","") | AD8: =IF(ISNUMBER(G8),"include","") | AE8: =IF(ISNUMBER(H8),"include","")
A9: 7 | B9: NA | C9: NA | D9: 0.71 | E9: NA | F9: NA | G9: NA | H9: NA | N9: =IF(IF(ISNUMBER(B9),VLOOKUP($A9,List!$A$1:$B$29,2,FALSE))=FALSE,"",IF(ISNUMBER(B9),VLOOKUP($A9,List!$A$1:$B$29,2,FALSE))) | O9: =IF(IF(ISNUMBER(C9),VLOOKUP($A9,List!$A$1:$B$29,2,FALSE))=FALSE,"",IF(ISNUMBER(C9),VLOOKUP($A9,List!$A$1:$B$29,2,FALSE))) | P9: =IF(IF(ISNUMBER(D9),VLOOKUP($A9,List!$A$1:$B$29,2,FALSE))=FALSE,"",IF(ISNUMBER(D9),VLOOKUP($A9,List!$A$1:$B$29,2,FALSE))) -> Owning a boat gives me a sense of achievement | Q9: =IF(IF(ISNUMBER(E9),VLOOKUP($A9,List!$A$1:$B$29,2,FALSE))=FALSE,"",IF(ISNUMBER(E9),VLOOKUP($A9,List!$A$1:$B$29,2,FALSE))) | R9: =IF(IF(ISNUMBER(F9),VLOOKUP($A9,List!$A$1:$B$29,2,FALSE))=FALSE,"",IF(ISNUMBER(F9),VLOOKUP($A9,List!$A$1:$B$29,2,FALSE))) | S9: =IF(IF(ISNUMBER(G9),VLOOKUP($A9,List!$A$1:$B$29,2,FALSE))=FALSE,"",IF(ISNUMBER(G9),VLOOKUP($A9,List!$A$1:$B$29,2,FALSE))) | T9: =IF(IF(ISNUMBER(H9),VLOOKUP($A9,List!$A$1:$B$29,2,FALSE))=FALSE,"",IF(ISNUMBER(H9),VLOOKUP($A9,List!$A$1:$B$29,2,FALSE))) | X9: 7 | Y9: =IF(ISNUMBER(B9),"include","") | Z9: =IF(ISNUMBER(C9),"include","") | AA9: =IF(ISNUMBER(D9),"include","") -> include | AB9: =IF(ISNUMBER(E9),"include","") | AC9: =IF(ISNUMBER(F9),"include","") | AD9: =IF(ISNUMBER(G9),"include","") | AE9: =IF(ISNUMBER(H9),"include","")
A10: 29 | B10: NA | C10: NA | D10: NA | E10: NA | F10: NA | G10: NA | H10: NA | N10: =IF(IF(ISNUMBER(B10),VLOOKUP($A10,List!$A$1:$B$29,2,FALSE))=FALSE,"",IF(ISNUMBER(B10),VLOOKUP($A10,List!$A$1:$B$29,2,FALSE))) | O10: =IF(IF(ISNUMBER(C10),VLOOKUP($A10,List!$A$1:$B$29,2,FALSE))=FALSE,"",IF(ISNUMBER(C10),VLOOKUP($A10,List!$A$1:$B$29,2,FALSE))) | P10: =IF(IF(ISNUMBER(D10),VLOOKUP($A10,List!$A$1:$B$29,2,FALSE))=FALSE,"",IF(ISNUMBER(D10),VLOOKUP($A10,List!$A$1:$B$29,2,FALSE))) | Q10: =IF(IF(ISNUMBER(E10),VLOOKUP($A10,List!$A$1:$B$29,2,FALSE))=FALSE,"",IF(ISNUMBER(E10),VLOOKUP($A10,List!$A$1:$B$29,2,FALSE))) | R10: =IF(IF(ISNUMBER(F10),VLOOKUP($A10,List!$A$1:$B$29,2,FALSE))=FALSE,"",IF(ISNUMBER(F10),VLOOKUP($A10,List!$A$1:$B$29,2,FALSE))) | S10: =IF(IF(ISNUMBER(G10),VLOOKUP($A10,List!$A$1:$B$29,2,FALSE))=FALSE,"",IF(ISNUMBER(G10),VLOOKUP($A10,List!$A$1:$B$29,2,FALSE))) | T10: =IF(IF(ISNUMBER(H10),VLOOKUP($A10,List!$A$1:$B$29,2,FALSE))=FALSE,"",IF(ISNUMBER(H10),VLOOKUP($A10,List!$A$1:$B$29,2,FALSE))) | X10: 29 | AA10: =IF(ISNUMBER(D10),"include","") | AB10: =IF(ISNUMBER(E10),"include","") | AC10: =IF(ISNUMBER(F10),"include","") | AD10: =IF(ISNUMBER(G10),"include","") | AE10: =IF(ISNUMBER(H10),"include","")
A11: 25 | B11: NA | C11: NA | D11: NA | E11: NA | F11: NA | G11: NA | H11: NA | N11: =IF(IF(ISNUMBER(B11),VLOOKUP($A11,List!$A$1:$B$29,2,FALSE))=FALSE,"",IF(ISNUMBER(B11),VLOOKUP($A11,List!$A$1:$B$29,2,FALSE))) | O11: =IF(IF(ISNUMBER(C11),VLOOKUP($A11,List!$A$1:$B$29,2,FALSE))=FALSE,"",IF(ISNUMBER(C11),VLOOKUP($A11,List!$A$1:$B$29,2,FALSE))) | P11: =IF(IF(ISNUMBER(D11),VLOOKUP($A11,List!$A$1:$B$29,2,FALSE))=FALSE,"",IF(ISNUMBER(D11),VLOOKUP($A11,List!$A$1:$B$29,2,FALSE))) | Q11: =IF(IF(ISNUMBER(E11),VLOOKUP($A11,List!$A$1:$B$29,2,FALSE))=FALSE,"",IF(ISNUMBER(E11),VLOOKUP($A11,List!$A$1:$B$29,2,FALSE))) | R11: =IF(IF(ISNUMBER(F11),VLOOKUP($A11,List!$A$1:$B$29,2,FALSE))=FALSE,"",IF(ISNUMBER(F11),VLOOKUP($A11,List!$A$1:$B$29,2,FALSE))) | S11: =IF(IF(ISNUMBER(G11),VLOOKUP($A11,List!$A$1:$B$29,2,FALSE))=FALSE,"",IF(ISNUMBER(G11),VLOOKUP($A11,List!$A$1:$B$29,2,FALSE))) | T11: =IF(IF(ISNUMBER(H11),VLOOKUP($A11,List!$A$1:$B$29,2,FALSE))=FALSE,"",IF(ISNUMBER(H11),VLOOKUP($A11,List!$A$1:$B$29,2,FALSE))) | X11: 25 | Z11: =IF(ISNUMBER(C11),"include","") | AA11: include | AB11: =IF(ISNUMBER(E11),"include","") | AC11: =IF(ISNUMBER(F11),"include","") | AD11: include | AE11: =IF(ISNUMBER(H11),"include","")
A12: 1 | B12: NA | C12: NA | D12: NA | E12: NA | F12: NA | G12: NA | H12: 0.97 | N12: =IF(IF(ISNUMBER(B12),VLOOKUP($A12,List!$A$1:$B$29,2,FALSE))=FALSE,"",IF(ISNUMBER(B12),VLOOKUP($A12,List!$A$1:$B$29,2,FALSE))) | O12: =IF(IF(ISNUMBER(C12),VLOOKUP($A12,List!$A$1:$B$29,2,FALSE))=FALSE,"",IF(ISNUMBER(C12),VLOOKUP($A12,List!$A$1:$B$29,2,FALSE))) | P12: =IF(IF(ISNUMBER(D12),VLOOKUP($A12,List!$A$1:$B$29,2,FALSE))=FALSE,"",IF(ISNUMBER(D12),VLOOKUP($A12,List!$A$1:$B$29,2,FALSE))) | Q12: =IF(IF(ISNUMBER(E12),VLOOKUP($A12,List!$A$1:$B$29,2,FALSE))=FALSE,"",IF(ISNUMBER(E12),VLOOKUP($A12,List!$A$1:$B$29,2,FALSE))) | R12: =IF(IF(ISNUMBER(F12),VLOOKUP($A12,List!$A$1:$B$29,2,FALSE))=FALSE,"",IF(ISNUMBER(F12),VLOOKUP($A12,List!$A$1:$B$29,2,FALSE))) | S12: =IF(IF(ISNUMBER(G12),VLOOKUP($A12,List!$A$1:$B$29,2,FALSE))=FALSE,"",IF(ISNUMBER(G12),VLOOKUP($A12,List!$A$1:$B$29,2,FALSE))) | T12: =IF(IF(ISNUMBER(H12),VLOOKUP($A12,List!$A$1:$B$29,2,FALSE))=FALSE,"",IF(ISNUMBER(H12),VLOOKUP($A12,List!$A$1:$B$29,2,FALSE))) -> When buying a boat, I do a lot of shopping around and visit multiple dealers | X12: 1 | Y12: =IF(ISNUMBER(B12),"include","") | Z12: =IF(ISNUMBER(C12),"include","") | AA12: =IF(ISNUMBER(D12),"include","") | AB12: =IF(ISNUMBER(E12),"include","") | AC12: =IF(ISNUMBER(F12),"include","") | AD12: =IF(ISNUMBER(G12),"include","") | AE12: =IF(ISNUMBER(H12),"include","") -> include
A13: 23 | B13: NA | C13: 0.55 | D13: NA | E13: NA | F13: NA | G13: NA | H13: NA | N13: =IF(IF(ISNUMBER(B13),VLOOKUP($A13,List!$A$1:$B$29,2,FALSE))=FALSE,"",IF(ISNUMBER(B13),VLOOKUP($A13,List!$A$1:$B$29,2,FALSE))) | O13: =IF(IF(ISNUMBER(C13),VLOOKUP($A13,List!$A$1:$B$29,2,FALSE))=FALSE,"",IF(ISNUMBER(C13),VLOOKUP($A13,List!$A$1:$B$29,2,FALSE))) -> Boating allows me to excel in the sports that I am passionate about | P13: =IF(IF(ISNUMBER(D13),VLOOKUP($A13,List!$A$1:$B$29,2,FALSE))=FALSE,"",IF(ISNUMBER(D13),VLOOKUP($A13,List!$A$1:$B$29,2,FALSE))) | Q13: =IF(IF(ISNUMBER(E13),VLOOKUP($A13,List!$A$1:$B$29,2,FALSE))=FALSE,"",IF(ISNUMBER(E13),VLOOKUP($A13,List!$A$1:$B$29,2,FALSE))) | R13: =IF(IF(ISNUMBER(F13),VLOOKUP($A13,List!$A$1:$B$29,2,FALSE))=FALSE,"",IF(ISNUMBER(F13),VLOOKUP($A13,List!$A$1:$B$29,2,FALSE))) | S13: =IF(IF(ISNUMBER(G13),VLOOKUP($A13,List!$A$1:$B$29,2,FALSE))=FALSE,"",IF(ISNUMBER(G13),VLOOKUP($A13,List!$A$1:$B$29,2,FALSE))) | T13: =IF(IF(ISNUMBER(H13),VLOOKUP($A13,List!$A$1:$B$29,2,FALSE))=FALSE,"",IF(ISNUMBER(H13),VLOOKUP($A13,List!$A$1:$B$29,2,FALSE))) | X13: 23 | Y13: =IF(ISNUMBER(B13),"include","") | Z13: =IF(ISNUMBER(C13),"include","") -> include | AA13: =IF(ISNUMBER(D13),"include","") | AB13: =IF(ISNUMBER(E13),"include","") | AC13: =IF(ISNUMBER(F13),"include","") | AD13: =IF(ISNUMBER(G13),"include","") | AE13: =IF(ISNUMBER(H13),"include","")
A14: 28 | B14: NA | C14: 0.77 | D14: NA | E14: NA | F14: NA | G14: NA | H14: NA | N14: =IF(IF(ISNUMBER(B14),VLOOKUP($A14,List!$A$1:$B$29,2,FALSE))=FALSE,"",IF(ISNUMBER(B14),VLOOKUP($A14,List!$A$1:$B$29,2,FALSE))) | O14: =IF(IF(ISNUMBER(C14),VLOOKUP($A14,List!$A$1:$B$29,2,FALSE))=FALSE,"",IF(ISNUMBER(C14),VLOOKUP($A14,List!$A$1:$B$29,2,FALSE))) -> Boating is my true passion in life | P14: =IF(IF(ISNUMBER(D14),VLOOKUP($A14,List!$A$1:$B$29,2,FALSE))=FALSE,"",IF(ISNUMBER(D14),VLOOKUP($A14,List!$A$1:$B$29,2,FALSE))) | Q14: =IF(IF(ISNUMBER(E14),VLOOKUP($A14,List!$A$1:$B$29,2,FALSE))=FALSE,"",IF(ISNUMBER(E14),VLOOKUP($A14,List!$A$1:$B$29,2,FALSE))) | R14: =IF(IF(ISNUMBER(F14),VLOOKUP($A14,List!$A$1:$B$29,2,FALSE))=FALSE,"",IF(ISNUMBER(F14),VLOOKUP($A14,List!$A$1:$B$29,2,FALSE))) | S14: =IF(IF(ISNUMBER(G14),VLOOKUP($A14,List!$A$1:$B$29,2,FALSE))=FALSE,"",IF(ISNUMBER(G14),VLOOKUP($A14,List!$A$1:$B$29,2,FALSE))) | T14: =IF(IF(ISNUMBER(H14),VLOOKUP($A14,List!$A$1:$B$29,2,FALSE))=FALSE,"",IF(ISNUMBER(H14),VLOOKUP($A14,List!$A$1:$B$29,2,FALSE))) | X14: 28 | Y14: =IF(ISNUMBER(B14),"include","") | Z14: =IF(ISNUMBER(C14),"include","") -> include | AA14: =IF(ISNUMBER(D14),"include","") | AB14: =IF(ISNUMBER(E14),"include","") | AC14: =IF(ISNUMBER(F14),"include","") | AD14: =IF(ISNUMBER(G14),"include","") | AE14: =IF(ISNUMBER(H14),"include","")
A15: 8 | B15: NA | C15: NA | D15: NA | E15: NA | F15: 0.88 | G15: NA | H15: NA | N15: =IF(IF(ISNUMBER(B15),VLOOKUP($A15,List!$A$1:$B$29,2,FALSE))=FALSE,"",IF(ISNUMBER(B15),VLOOKUP($A15,List!$A$1:$B$29,2,FALSE))) | O15: =IF(IF(ISNUMBER(C15),VLOOKUP($A15,List!$A$1:$B$29,2,FALSE))=FALSE,"",IF(ISNUMBER(C15),VLOOKUP($A15,List!$A$1:$B$29,2,FALSE))) | P15: =IF(IF(ISNUMBER(D15),VLOOKUP($A15,List!$A$1:$B$29,2,FALSE))=FALSE,"",IF(ISNUMBER(D15),VLOOKUP($A15,List!$A$1:$B$29,2,FALSE))) | Q15: =IF(IF(ISNUMBER(E15),VLOOKUP($A15,List!$A$1:$B$29,2,FALSE))=FALSE,"",IF(ISNUMBER(E15),VLOOKUP($A15,List!$A$1:$B$29,2,FALSE))) | R15: =IF(IF(ISNUMBER(F15),VLOOKUP($A15,List!$A$1:$B$29,2,FALSE))=FALSE,"",IF(ISNUMBER(F15),VLOOKUP($A15,List!$A$1:$B$29,2,FALSE))) -> When buying a boat, functionality is more important than style | S15: =IF(IF(ISNUMBER(G15),VLOOKUP($A15,List!$A$1:$B$29,2,FALSE))=FALSE,"",IF(ISNUMBER(G15),VLOOKUP($A15,List!$A$1:$B$29,2,FALSE))) | T15: =IF(IF(ISNUMBER(H15),VLOOKUP($A15,List!$A$1:$B$29,2,FALSE))=FALSE,"",IF(ISNUMBER(H15),VLOOKUP($A15,List!$A$1:$B$29,2,FALSE))) | X15: 8 | Y15: =IF(ISNUMBER(B15),"include","") | Z15: =IF(ISNUMBER(C15),"include","") | AA15: =IF(ISNUMBER(D15),"include","") | AB15: =IF(ISNUMBER(E15),"include","") | AC15: =IF(ISNUMBER(F15),"include","") -> include | AD15: =IF(ISNUMBER(G15),"include","") | AE15: =IF(ISNUMBER(H15),"include","")
A16: 27 | B16: NA | C16: 0.83 | D16: NA | E16: NA | F16: NA | G16: NA | H16: NA | N16: =IF(IF(ISNUMBER(B16),VLOOKUP($A16,List!$A$1:$B$29,2,FALSE))=FALSE,"",IF(ISNUMBER(B16),VLOOKUP($A16,List!$A$1:$B$29,2,FALSE))) | O16: =IF(IF(ISNUMBER(C16),VLOOKUP($A16,List!$A$1:$B$29,2,FALSE))=FALSE,"",IF(ISNUMBER(C16),VLOOKUP($A16,List!$A$1:$B$29,2,FALSE))) -> Boating is the number one thing I do with my spare time | P16: =IF(IF(ISNUMBER(D16),VLOOKUP($A16,List!$A$1:$B$29,2,FALSE))=FALSE,"",IF(ISNUMBER(D16),VLOOKUP($A16,List!$A$1:$B$29,2,FALSE))) | Q16: =IF(IF(ISNUMBER(E16),VLOOKUP($A16,List!$A$1:$B$29,2,FALSE))=FALSE,"",IF(ISNUMBER(E16),VLOOKUP($A16,List!$A$1:$B$29,2,FALSE))) | R16: =IF(IF(ISNUMBER(F16),VLOOKUP($A16,List!$A$1:$B$29,2,FALSE))=FALSE,"",IF(ISNUMBER(F16),VLOOKUP($A16,List!$A$1:$B$29,2,FALSE))) | S16: =IF(IF(ISNUMBER(G16),VLOOKUP($A16,List!$A$1:$B$29,2,FALSE))=FALSE,"",IF(ISNUMBER(G16),VLOOKUP($A16,List!$A$1:$B$29,2,FALSE))) | T16: =IF(IF(ISNUMBER(H16),VLOOKUP($A16,List!$A$1:$B$29,2,FALSE))=FALSE,"",IF(ISNUMBER(H16),VLOOKUP($A16,List!$A$1:$B$29,2,FALSE))) | X16: 27 | Y16: =IF(ISNUMBER(B16),"include","") | Z16: =IF(ISNUMBER(C16),"include","") -> include | AA16: =IF(ISNUMBER(D16),"include","") | AB16: =IF(ISNUMBER(E16),"include","") | AC16: =IF(ISNUMBER(F16),"include","") | AD16: =IF(ISNUMBER(G16),"include","") | AE16: =IF(ISNUMBER(H16),"include","")
A17: 10 | B17: NA | C17: NA | D17: NA | E17: NA | F17: NA | G17: -0.6 | H17: NA | N17: =IF(IF(ISNUMBER(B17),VLOOKUP($A17,List!$A$1:$B$29,2,FALSE))=FALSE,"",IF(ISNUMBER(B17),VLOOKUP($A17,List!$A$1:$B$29,2,FALSE))) | O17: =IF(IF(ISNUMBER(C17),VLOOKUP($A17,List!$A$1:$B$29,2,FALSE))=FALSE,"",IF(ISNUMBER(C17),VLOOKUP($A17,List!$A$1:$B$29,2,FALSE))) | P17: =IF(IF(ISNUMBER(D17),VLOOKUP($A17,List!$A$1:$B$29,2,FALSE))=FALSE,"",IF(ISNUMBER(D17),VLOOKUP($A17,List!$A$1:$B$29,2,FALSE))) | Q17: =IF(IF(ISNUMBER(E17),VLOOKUP($A17,List!$A$1:$B$29,2,FALSE))=FALSE,"",IF(ISNUMBER(E17),VLOOKUP($A17,List!$A$1:$B$29,2,FALSE))) | R17: =IF(IF(ISNUMBER(F17),VLOOKUP($A17,List!$A$1:$B$29,2,FALSE))=FALSE,"",IF(ISNUMBER(F17),VLOOKUP($A17,List!$A$1:$B$29,2,FALSE))) | S17: =IF(IF(ISNUMBER(G17),VLOOKUP($A17,List!$A$1:$B$29,2,FALSE))=FALSE,"",IF(ISNUMBER(G17),VLOOKUP($A17,List!$A$1:$B$29,2,FALSE))) -> When buying a boat, I rely more on expert opinion than my own | T17: =IF(IF(ISNUMBER(H17),VLOOKUP($A17,List!$A$1:$B$29,2,FALSE))=FALSE,"",IF(ISNUMBER(H17),VLOOKUP($A17,List!$A$1:$B$29,2,FALSE))) | X17: 10 | Y17: =IF(ISNUMBER(B17),"include","") | Z17: =IF(ISNUMBER(C17),"include","") | AA17: =IF(ISNUMBER(D17),"include","") | AB17: =IF(ISNUMBER(E17),"include","") | AC17: =IF(ISNUMBER(F17),"include","") | AD17: =IF(ISNUMBER(G17),"include","") -> include | AE17: =IF(ISNUMBER(H17),"include","")
A18: 20 | B18: NA | C18: 0.63 | D18: NA | E18: NA | F18: NA | G18: NA | H18: NA | N18: =IF(IF(ISNUMBER(B18),VLOOKUP($A18,List!$A$1:$B$29,2,FALSE))=FALSE,"",IF(ISNUMBER(B18),VLOOKUP($A18,List!$A$1:$B$29,2,FALSE))) | O18: =IF(IF(ISNUMBER(C18),VLOOKUP($A18,List!$A$1:$B$29,2,FALSE))=FALSE,"",IF(ISNUMBER(C18),VLOOKUP($A18,List!$A$1:$B$29,2,FALSE))) -> When not on my boat, I often find myself doing boating related activities | P18: =IF(IF(ISNUMBER(D18),VLOOKUP($A18,List!$A$1:$B$29,2,FALSE))=FALSE,"",IF(ISNUMBER(D18),VLOOKUP($A18,List!$A$1:$B$29,2,FALSE))) | Q18: =IF(IF(ISNUMBER(E18),VLOOKUP($A18,List!$A$1:$B$29,2,FALSE))=FALSE,"",IF(ISNUMBER(E18),VLOOKUP($A18,List!$A$1:$B$29,2,FALSE))) | R18: =IF(IF(ISNUMBER(F18),VLOOKUP($A18,List!$A$1:$B$29,2,FALSE))=FALSE,"",IF(ISNUMBER(F18),VLOOKUP($A18,List!$A$1:$B$29,2,FALSE))) | S18: =IF(IF(ISNUMBER(G18),VLOOKUP($A18,List!$A$1:$B$29,2,FALSE))=FALSE,"",IF(ISNUMBER(G18),VLOOKUP($A18,List!$A$1:$B$29,2,FALSE))) | T18: =IF(IF(ISNUMBER(H18),VLOOKUP($A18,List!$A$1:$B$29,2,FALSE))=FALSE,"",IF(ISNUMBER(H18),VLOOKUP($A18,List!$A$1:$B$29,2,FALSE))) | X18: 20 | Y18: =IF(ISNUMBER(B18),"include","") | Z18: =IF(ISNUMBER(C18),"include","") -> include | AA18: =IF(ISNUMBER(D18),"include","") | AB18: =IF(ISNUMBER(E18),"include","") | AC18: =IF(ISNUMBER(F18),"include","") | AD18: =IF(ISNUMBER(G18),"include","") | AE18: =IF(ISNUMBER(H18),"include","")
A19: 4 | B19: NA | C19: NA | D19: NA | E19: 0.8 | F19: NA | G19: NA | H19: NA | N19: =IF(IF(ISNUMBER(B19),VLOOKUP($A19,List!$A$1:$B$29,2,FALSE))=FALSE,"",IF(ISNUMBER(B19),VLOOKUP($A19,List!$A$1:$B$29,2,FALSE))) | O19: =IF(IF(ISNUMBER(C19),VLOOKUP($A19,List!$A$1:$B$29,2,FALSE))=FALSE,"",IF(ISNUMBER(C19),VLOOKUP($A19,List!$A$1:$B$29,2,FALSE))) | P19: =IF(IF(ISNUMBER(D19),VLOOKUP($A19,List!$A$1:$B$29,2,FALSE))=FALSE,"",IF(ISNUMBER(D19),VLOOKUP($A19,List!$A$1:$B$29,2,FALSE))) | Q19: =IF(IF(ISNUMBER(E19),VLOOKUP($A19,List!$A$1:$B$29,2,FALSE))=FALSE,"",IF(ISNUMBER(E19),VLOOKUP($A19,List!$A$1:$B$29,2,FALSE))) -> I only consider buying a boat from a reputable brand | R19: =IF(IF(ISNUMBER(F19),VLOOKUP($A19,List!$A$1:$B$29,2,FALSE))=FALSE,"",IF(ISNUMBER(F19),VLOOKUP($A19,List!$A$1:$B$29,2,FALSE))) | S19: =IF(IF(ISNUMBER(G19),VLOOKUP($A19,List!$A$1:$B$29,2,FALSE))=FALSE,"",IF(ISNUMBER(G19),VLOOKUP($A19,List!$A$1:$B$29,2,FALSE))) | T19: =IF(IF(ISNUMBER(H19),VLOOKUP($A19,List!$A$1:$B$29,2,FALSE))=FALSE,"",IF(ISNUMBER(H19),VLOOKUP($A19,List!$A$1:$B$29,2,FALSE))) | X19: 4 | Y19: =IF(ISNUMBER(B19),"include","") | Z19: =IF(ISNUMBER(C19),"include","") | AA19: =IF(ISNUMBER(D19),"include","") | AB19: =IF(ISNUMBER(E19),"include","") -> include | AC19: =IF(ISNUMBER(F19),"include","") | AD19: =IF(ISNUMBER(G19),"include","") | AE19: =IF(ISNUMBER(H19),"include","")
A20: 3 | B20: NA | C20: NA | D20: 0.69 | E20: NA | F20: NA | G20: NA | H20: NA | N20: =IF(IF(ISNUMBER(B20),VLOOKUP($A20,List!$A$1:$B$29,2,FALSE))=FALSE,"",IF(ISNUMBER(B20),VLOOKUP($A20,List!$A$1:$B$29,2,FALSE))) | O20: =IF(IF(ISNUMBER(C20),VLOOKUP($A20,List!$A$1:$B$29,2,FALSE))=FALSE,"",IF(ISNUMBER(C20),VLOOKUP($A20,List!$A$1:$B$29,2,FALSE))) | P20: =IF(IF(ISNUMBER(D20),VLOOKUP($A20,List!$A$1:$B$29,2,FALSE))=FALSE,"",IF(ISNUMBER(D20),VLOOKUP($A20,List!$A$1:$B$29,2,FALSE))) -> The brand of the boat I buy says a lot about who I am | Q20: =IF(IF(ISNUMBER(E20),VLOOKUP($A20,List!$A$1:$B$29,2,FALSE))=FALSE,"",IF(ISNUMBER(E20),VLOOKUP($A20,List!$A$1:$B$29,2,FALSE))) | R20: =IF(IF(ISNUMBER(F20),VLOOKUP($A20,List!$A$1:$B$29,2,FALSE))=FALSE,"",IF(ISNUMBER(F20),VLOOKUP($A20,List!$A$1:$B$29,2,FALSE))) | S20: =IF(IF(ISNUMBER(G20),VLOOKUP($A20,List!$A$1:$B$29,2,FALSE))=FALSE,"",IF(ISNUMBER(G20),VLOOKUP($A20,List!$A$1:$B$29,2,FALSE))) | T20: =IF(IF(ISNUMBER(H20),VLOOKUP($A20,List!$A$1:$B$29,2,FALSE))=FALSE,"",IF(ISNUMBER(H20),VLOOKUP($A20,List!$A$1:$B$29,2,FALSE))) | X20: 3 | Y20: =IF(ISNUMBER(B20),"include","") | Z20: =IF(ISNUMBER(C20),"include","") | AA20: =IF(ISNUMBER(D20),"include","") -> include | AB20: =IF(ISNUMBER(E20),"include","") | AC20: =IF(ISNUMBER(F20),"include","") | AD20: =IF(ISNUMBER(G20),"include","") | AE20: =IF(ISNUMBER(H20),"include","")
A21: 9 | B21: NA | C21: NA | D21: 0.85 | E21: NA | F21: NA | G21: NA | H21: NA | N21: =IF(IF(ISNUMBER(B21),VLOOKUP($A21,List!$A$1:$B$29,2,FALSE))=FALSE,"",IF(ISNUMBER(B21),VLOOKUP($A21,List!$A$1:$B$29,2,FALSE))) | O21: =IF(IF(ISNUMBER(C21),VLOOKUP($A21,List!$A$1:$B$29,2,FALSE))=FALSE,"",IF(ISNUMBER(C21),VLOOKUP($A21,List!$A$1:$B$29,2,FALSE))) | P21: =IF(IF(ISNUMBER(D21),VLOOKUP($A21,List!$A$1:$B$29,2,FALSE))=FALSE,"",IF(ISNUMBER(D21),VLOOKUP($A21,List!$A$1:$B$29,2,FALSE))) -> I see my boat as status symbol | Q21: =IF(IF(ISNUMBER(E21),VLOOKUP($A21,List!$A$1:$B$29,2,FALSE))=FALSE,"",IF(ISNUMBER(E21),VLOOKUP($A21,List!$A$1:$B$29,2,FALSE))) | R21: =IF(IF(ISNUMBER(F21),VLOOKUP($A21,List!$A$1:$B$29,2,FALSE))=FALSE,"",IF(ISNUMBER(F21),VLOOKUP($A21,List!$A$1:$B$29,2,FALSE))) | S21: =IF(IF(ISNUMBER(G21),VLOOKUP($A21,List!$A$1:$B$29,2,FALSE))=FALSE,"",IF(ISNUMBER(G21),VLOOKUP($A21,List!$A$1:$B$29,2,FALSE))) | T21: =IF(IF(ISNUMBER(H21),VLOOKUP($A21,List!$A$1:$B$29,2,FALSE))=FALSE,"",IF(ISNUMBER(H21),VLOOKUP($A21,List!$A$1:$B$29,2,FALSE))) | X21: 9 | Y21: =IF(ISNUMBER(B21),"include","") | Z21: =IF(ISNUMBER(C21),"include","") | AA21: =IF(ISNUMBER(D21),"include","") -> include | AB21: =IF(ISNUMBER(E21),"include","") | AC21: =IF(ISNUMBER(F21),"include","") | AD21: =IF(ISNUMBER(G21),"include","") | AE21: =IF(ISNUMBER(H21),"include","")
A22: 11 | B22: NA | C22: NA | D22: NA | E22: NA | F22: NA | G22: 0.74 | H22: NA | N22: =IF(IF(ISNUMBER(B22),VLOOKUP($A22,List!$A$1:$B$29,2,FALSE))=FALSE,"",IF(ISNUMBER(B22),VLOOKUP($A22,List!$A$1:$B$29,2,FALSE))) | O22: =IF(IF(ISNUMBER(C22),VLOOKUP($A22,List!$A$1:$B$29,2,FALSE))=FALSE,"",IF(ISNUMBER(C22),VLOOKUP($A22,List!$A$1:$B$29,2,FALSE))) | P22: =IF(IF(ISNUMBER(D22),VLOOKUP($A22,List!$A$1:$B$29,2,FALSE))=FALSE,"",IF(ISNUMBER(D22),VLOOKUP($A22,List!$A$1:$B$29,2,FALSE))) | Q22: =IF(IF(ISNUMBER(E22),VLOOKUP($A22,List!$A$1:$B$29,2,FALSE))=FALSE,"",IF(ISNUMBER(E22),VLOOKUP($A22,List!$A$1:$B$29,2,FALSE))) | R22: =IF(IF(ISNUMBER(F22),VLOOKUP($A22,List!$A$1:$B$29,2,FALSE))=FALSE,"",IF(ISNUMBER(F22),VLOOKUP($A22,List!$A$1:$B$29,2,FALSE))) | S22: =IF(IF(ISNUMBER(G22),VLOOKUP($A22,List!$A$1:$B$29,2,FALSE))=FALSE,"",IF(ISNUMBER(G22),VLOOKUP($A22,List!$A$1:$B$29,2,FALSE))) -> I tend to perform minor boat repairs and maintenance on my own | T22: =IF(IF(ISNUMBER(H22),VLOOKUP($A22,List!$A$1:$B$29,2,FALSE))=FALSE,"",IF(ISNUMBER(H22),VLOOKUP($A22,List!$A$1:$B$29,2,FALSE))) | X22: 11 | Y22: =IF(ISNUMBER(B22),"include","") | Z22: =IF(ISNUMBER(C22),"include","") | AA22: =IF(ISNUMBER(D22),"include","") | AB22: =IF(ISNUMBER(E22),"include","") | AC22: =IF(ISNUMBER(F22),"include","") | AD22: =IF(ISNUMBER(G22),"include","") -> include | AE22: =IF(ISNUMBER(H22),"include","")
A23: 15 | B23: NA | C23: NA | D23: NA | E23: NA | F23: NA | G23: NA | H23: NA | N23: =IF(IF(ISNUMBER(B23),VLOOKUP($A23,List!$A$1:$B$29,2,FALSE))=FALSE,"",IF(ISNUMBER(B23),VLOOKUP($A23,List!$A$1:$B$29,2,FALSE))) | O23: =IF(IF(ISNUMBER(C23),VLOOKUP($A23,List!$A$1:$B$29,2,FALSE))=FALSE,"",IF(ISNUMBER(C23),VLOOKUP($A23,List!$A$1:$B$29,2,FALSE))) | P23: =IF(IF(ISNUMBER(D23),VLOOKUP($A23,List!$A$1:$B$29,2,FALSE))=FALSE,"",IF(ISNUMBER(D23),VLOOKUP($A23,List!$A$1:$B$29,2,FALSE))) | Q23: =IF(IF(ISNUMBER(E23),VLOOKUP($A23,List!$A$1:$B$29,2,FALSE))=FALSE,"",IF(ISNUMBER(E23),VLOOKUP($A23,List!$A$1:$B$29,2,FALSE))) | R23: =IF(IF(ISNUMBER(F23),VLOOKUP($A23,List!$A$1:$B$29,2,FALSE))=FALSE,"",IF(ISNUMBER(F23),VLOOKUP($A23,List!$A$1:$B$29,2,FALSE))) | S23: =IF(IF(ISNUMBER(G23),VLOOKUP($A23,List!$A$1:$B$29,2,FALSE))=FALSE,"",IF(ISNUMBER(G23),VLOOKUP($A23,List!$A$1:$B$29,2,FALSE))) | T23: =IF(IF(ISNUMBER(H23),VLOOKUP($A23,List!$A$1:$B$29,2,FALSE))=FALSE,"",IF(ISNUMBER(H23),VLOOKUP($A23,List!$A$1:$B$29,2,FALSE))) | X23: 15 | Y23: =IF(ISNUMBER(B23),"include","") | Z23: =IF(ISNUMBER(C23),"include","") | AA23: =IF(ISNUMBER(D23),"include","") | AB23: =IF(ISNUMBER(E23),"include","") | AC23: =IF(ISNUMBER(F23),"include","") | AD23: =IF(ISNUMBER(G23),"include","") | AE23: =IF(ISNUMBER(H23),"include","")
A24: 26 | B24: NA | C24: NA | D24: 0.54 | E24: NA | F24: NA | G24: NA | H24: NA | N24: =IF(IF(ISNUMBER(B24),VLOOKUP($A24,List!$A$1:$B$29,2,FALSE))=FALSE,"",IF(ISNUMBER(B24),VLOOKUP($A24,List!$A$1:$B$29,2,FALSE))) | O24: =IF(IF(ISNUMBER(C24),VLOOKUP($A24,List!$A$1:$B$29,2,FALSE))=FALSE,"",IF(ISNUMBER(C24),VLOOKUP($A24,List!$A$1:$B$29,2,FALSE))) | P24: =IF(IF(ISNUMBER(D24),VLOOKUP($A24,List!$A$1:$B$29,2,FALSE))=FALSE,"",IF(ISNUMBER(D24),VLOOKUP($A24,List!$A$1:$B$29,2,FALSE))) -> Having a powerful boat is what is most important to me | Q24: =IF(IF(ISNUMBER(E24),VLOOKUP($A24,List!$A$1:$B$29,2,FALSE))=FALSE,"",IF(ISNUMBER(E24),VLOOKUP($A24,List!$A$1:$B$29,2,FALSE))) | R24: =IF(IF(ISNUMBER(F24),VLOOKUP($A24,List!$A$1:$B$29,2,FALSE))=FALSE,"",IF(ISNUMBER(F24),VLOOKUP($A24,List!$A$1:$B$29,2,FALSE))) | S24: =IF(IF(ISNUMBER(G24),VLOOKUP($A24,List!$A$1:$B$29,2,FALSE))=FALSE,"",IF(ISNUMBER(G24),VLOOKUP($A24,List!$A$1:$B$29,2,FALSE))) | T24: =IF(IF(ISNUMBER(H24),VLOOKUP($A24,List!$A$1:$B$29,2,FALSE))=FALSE,"",IF(ISNUMBER(H24),VLOOKUP($A24,List!$A$1:$B$29,2,FALSE))) | X24: 26 | Y24: =IF(ISNUMBER(B24),"include","") | Z24: =IF(ISNUMBER(C24),"include","") | AA24: =IF(ISNUMBER(D24),"include","") -> include | AB24: =IF(ISNUMBER(E24),"include","") | AC24: =IF(ISNUMBER(F24),"include","") | AD24: =IF(ISNUMBER(G24),"include","") | AE24: =IF(ISNUMBER(H24),"include","")
A25: 5 | B25: NA | C25: NA | D25: NA | E25: 0.66 | F25: NA | G25: NA | H25: NA | N25: =IF(IF(ISNUMBER(B25),VLOOKUP($A25,List!$A$1:$B$29,2,FALSE))=FALSE,"",IF(ISNUMBER(B25),VLOOKUP($A25,List!$A$1:$B$29,2,FALSE))) | O25: =IF(IF(ISNUMBER(C25),VLOOKUP($A25,List!$A$1:$B$29,2,FALSE))=FALSE,"",IF(ISNUMBER(C25),VLOOKUP($A25,List!$A$1:$B$29,2,FALSE))) | P25: =IF(IF(ISNUMBER(D25),VLOOKUP($A25,List!$A$1:$B$29,2,FALSE))=FALSE,"",IF(ISNUMBER(D25),VLOOKUP($A25,List!$A$1:$B$29,2,FALSE))) | Q25: =IF(IF(ISNUMBER(E25),VLOOKUP($A25,List!$A$1:$B$29,2,FALSE))=FALSE,"",IF(ISNUMBER(E25),VLOOKUP($A25,List!$A$1:$B$29,2,FALSE))) -> I am willing to pay a premium for a brand with a reputation for high quality | R25: =IF(IF(ISNUMBER(F25),VLOOKUP($A25,List!$A$1:$B$29,2,FALSE))=FALSE,"",IF(ISNUMBER(F25),VLOOKUP($A25,List!$A$1:$B$29,2,FALSE))) | S25: =IF(IF(ISNUMBER(G25),VLOOKUP($A25,List!$A$1:$B$29,2,FALSE))=FALSE,"",IF(ISNUMBER(G25),VLOOKUP($A25,List!$A$1:$B$29,2,FALSE))) | T25: =IF(IF(ISNUMBER(H25),VLOOKUP($A25,List!$A$1:$B$29,2,FALSE))=FALSE,"",IF(ISNUMBER(H25),VLOOKUP($A25,List!$A$1:$B$29,2,FALSE))) | X25: 5 | Y25: =IF(ISNUMBER(B25),"include","") | Z25: =IF(ISNUMBER(C25),"include","") | AA25: =IF(ISNUMBER(D25),"include","") | AB25: =IF(ISNUMBER(E25),"include","") -> include | AC25: =IF(ISNUMBER(F25),"include","") | AD25: =IF(ISNUMBER(G25),"include","") | AE25: =IF(ISNUMBER(H25),"include","")
A26: 2 | B26: NA | C26: NA | D26: NA | E26: -0.53 | F26: NA | G26: NA | H26: NA | N26: =IF(IF(ISNUMBER(B26),VLOOKUP($A26,List!$A$1:$B$29,2,FALSE))=FALSE,"",IF(ISNUMBER(B26),VLOOKUP($A26,List!$A$1:$B$29,2,FALSE))) | O26: =IF(IF(ISNUMBER(C26),VLOOKUP($A26,List!$A$1:$B$29,2,FALSE))=FALSE,"",IF(ISNUMBER(C26),VLOOKUP($A26,List!$A$1:$B$29,2,FALSE))) | P26: =IF(IF(ISNUMBER(D26),VLOOKUP($A26,List!$A$1:$B$29,2,FALSE))=FALSE,"",IF(ISNUMBER(D26),VLOOKUP($A26,List!$A$1:$B$29,2,FALSE))) | Q26: =IF(IF(ISNUMBER(E26),VLOOKUP($A26,List!$A$1:$B$29,2,FALSE))=FALSE,"",IF(ISNUMBER(E26),VLOOKUP($A26,List!$A$1:$B$29,2,FALSE))) -> When buying a bot, getting the lowest P is more important than brand | R26: =IF(IF(ISNUMBER(F26),VLOOKUP($A26,List!$A$1:$B$29,2,FALSE))=FALSE,"",IF(ISNUMBER(F26),VLOOKUP($A26,List!$A$1:$B$29,2,FALSE))) | S26: =IF(IF(ISNUMBER(G26),VLOOKUP($A26,List!$A$1:$B$29,2,FALSE))=FALSE,"",IF(ISNUMBER(G26),VLOOKUP($A26,List!$A$1:$B$29,2,FALSE))) | T26: =IF(IF(ISNUMBER(H26),VLOOKUP($A26,List!$A$1:$B$29,2,FALSE))=FALSE,"",IF(ISNUMBER(H26),VLOOKUP($A26,List!$A$1:$B$29,2,FALSE))) | X26: 2 | Y26: =IF(ISNUMBER(B26),"include","") | Z26: =IF(ISNUMBER(C26),"include","") | AA26: =IF(ISNUMBER(D26),"include","") | AB26: =IF(ISNUMBER(E26),"include","") -> include | AC26: =IF(ISNUMBER(F26),"include","") | AD26: =IF(ISNUMBER(G26),"include","") | AE26: =IF(ISNUMBER(H26),"include","")
A27: 14 | B27: NA | C27: NA | D27: NA | E27: NA | F27: NA | G27: NA | H27: NA | N27: =IF(IF(ISNUMBER(B27),VLOOKUP($A27,List!$A$1:$B$29,2,FALSE))=FALSE,"",IF(ISNUMBER(B27),VLOOKUP($A27,List!$A$1:$B$29,2,FALSE))) | O27: =IF(IF(ISNUMBER(C27),VLOOKUP($A27,List!$A$1:$B$29,2,FALSE))=FALSE,"",IF(ISNUMBER(C27),VLOOKUP($A27,List!$A$1:$B$29,2,FALSE))) | P27: =IF(IF(ISNUMBER(D27),VLOOKUP($A27,List!$A$1:$B$29,2,FALSE))=FALSE,"",IF(ISNUMBER(D27),VLOOKUP($A27,List!$A$1:$B$29,2,FALSE))) | Q27: =IF(IF(ISNUMBER(E27),VLOOKUP($A27,List!$A$1:$B$29,2,FALSE))=FALSE,"",IF(ISNUMBER(E27),VLOOKUP($A27,List!$A$1:$B$29,2,FALSE))) | R27: =IF(IF(ISNUMBER(F27),VLOOKUP($A27,List!$A$1:$B$29,2,FALSE))=FALSE,"",IF(ISNUMBER(F27),VLOOKUP($A27,List!$A$1:$B$29,2,FALSE))) | S27: =IF(IF(ISNUMBER(G27),VLOOKUP($A27,List!$A$1:$B$29,2,FALSE))=FALSE,"",IF(ISNUMBER(G27),VLOOKUP($A27,List!$A$1:$B$29,2,FALSE))) | T27: =IF(IF(ISNUMBER(H27),VLOOKUP($A27,List!$A$1:$B$29,2,FALSE))=FALSE,"",IF(ISNUMBER(H27),VLOOKUP($A27,List!$A$1:$B$29,2,FALSE))) | X27: 14 | Y27: =IF(ISNUMBER(B27),"include","") | Z27: =IF(ISNUMBER(C27),"include","") | AA27: include | AB27: =IF(ISNUMBER(E27),"include","") | AC27: =IF(ISNUMBER(F27),"include","") | AD27: =IF(ISNUMBER(G27),"include","") | AE27: =IF(ISNUMBER(H27),"include","")
A28: 16 | B28: NA | C28: 0.63 | D28: NA | E28: NA | F28: NA | G28: NA | H28: NA | N28: =IF(IF(ISNUMBER(B28),VLOOKUP($A28,List!$A$1:$B$29,2,FALSE))=FALSE,"",IF(ISNUMBER(B28),VLOOKUP($A28,List!$A$1:$B$29,2,FALSE))) | O28: =IF(IF(ISNUMBER(C28),VLOOKUP($A28,List!$A$1:$B$29,2,FALSE))=FALSE,"",IF(ISNUMBER(C28),VLOOKUP($A28,List!$A$1:$B$29,2,FALSE))) -> People tend to come to me for advice about boating | P28: =IF(IF(ISNUMBER(D28),VLOOKUP($A28,List!$A$1:$B$29,2,FALSE))=FALSE,"",IF(ISNUMBER(D28),VLOOKUP($A28,List!$A$1:$B$29,2,FALSE))) | Q28: =IF(IF(ISNUMBER(E28),VLOOKUP($A28,List!$A$1:$B$29,2,FALSE))=FALSE,"",IF(ISNUMBER(E28),VLOOKUP($A28,List!$A$1:$B$29,2,FALSE))) | R28: =IF(IF(ISNUMBER(F28),VLOOKUP($A28,List!$A$1:$B$29,2,FALSE))=FALSE,"",IF(ISNUMBER(F28),VLOOKUP($A28,List!$A$1:$B$29,2,FALSE))) | S28: =IF(IF(ISNUMBER(G28),VLOOKUP($A28,List!$A$1:$B$29,2,FALSE))=FALSE,"",IF(ISNUMBER(G28),VLOOKUP($A28,List!$A$1:$B$29,2,FALSE))) | T28: =IF(IF(ISNUMBER(H28),VLOOKUP($A28,List!$A$1:$B$29,2,FALSE))=FALSE,"",IF(ISNUMBER(H28),VLOOKUP($A28,List!$A$1:$B$29,2,FALSE))) | X28: 16 | Y28: =IF(ISNUMBER(B28),"include","") | Z28: =IF(ISNUMBER(C28),"include","") -> include | AA28: =IF(ISNUMBER(D28),"include","") | AB28: =IF(ISNUMBER(E28),"include","") | AC28: =IF(ISNUMBER(F28),"include","") | AD28: =IF(ISNUMBER(G28),"include","") | AE28: =IF(ISNUMBER(H28),"include","")
A29: 12 | B29: NA | C29: NA | D29: NA | E29: NA | F29: 0.66 | G29: NA | H29: NA | N29: =IF(IF(ISNUMBER(B29),VLOOKUP($A29,List!$A$1:$B$29,2,FALSE))=FALSE,"",IF(ISNUMBER(B29),VLOOKUP($A29,List!$A$1:$B$29,2,FALSE))) | O29: =IF(IF(ISNUMBER(C29),VLOOKUP($A29,List!$A$1:$B$29,2,FALSE))=FALSE,"",IF(ISNUMBER(C29),VLOOKUP($A29,List!$A$1:$B$29,2,FALSE))) | P29: =IF(IF(ISNUMBER(D29),VLOOKUP($A29,List!$A$1:$B$29,2,FALSE))=FALSE,"",IF(ISNUMBER(D29),VLOOKUP($A29,List!$A$1:$B$29,2,FALSE))) | Q29: =IF(IF(ISNUMBER(E29),VLOOKUP($A29,List!$A$1:$B$29,2,FALSE))=FALSE,"",IF(ISNUMBER(E29),VLOOKUP($A29,List!$A$1:$B$29,2,FALSE))) | R29: =IF(IF(ISNUMBER(F29),VLOOKUP($A29,List!$A$1:$B$29,2,FALSE))=FALSE,"",IF(ISNUMBER(F29),VLOOKUP($A29,List!$A$1:$B$29,2,FALSE))) -> When it comes to boating, I tend to prefer a basic boat with little to no frills | S29: =IF(IF(ISNUMBER(G29),VLOOKUP($A29,List!$A$1:$B$29,2,FALSE))=FALSE,"",IF(ISNUMBER(G29),VLOOKUP($A29,List!$A$1:$B$29,2,FALSE))) | T29: =IF(IF(ISNUMBER(H29),VLOOKUP($A29,List!$A$1:$B$29,2,FALSE))=FALSE,"",IF(ISNUMBER(H29),VLOOKUP($A29,List!$A$1:$B$29,2,FALSE))) | X29: 12 | Y29: =IF(ISNUMBER(B29),"include","") | Z29: =IF(ISNUMBER(C29),"include","") | AA29: =IF(ISNUMBER(D29),"include","") | AB29: =IF(ISNUMBER(E29),"include","") | AC29: =IF(ISNUMBER(F29),"include","") -> include | AD29: =IF(ISNUMBER(G29),"include","") | AE29: =IF(ISNUMBER(H29),"include","")
A30: 17 | B30: NA | C30: 0.57 | D30: NA | E30: NA | F30: NA | G30: NA | H30: NA | N30: =IF(IF(ISNUMBER(B30),VLOOKUP($A30,List!$A$1:$B$29,2,FALSE))=FALSE,"",IF(ISNUMBER(B30),VLOOKUP($A30,List!$A$1:$B$29,2,FALSE))) | O30: =IF(IF(ISNUMBER(C30),VLOOKUP($A30,List!$A$1:$B$29,2,FALSE))=FALSE,"",IF(ISNUMBER(C30),VLOOKUP($A30,List!$A$1:$B$29,2,FALSE))) -> I consider myself more knowledgeable about boating than the rest of my boating peers | P30: =IF(IF(ISNUMBER(D30),VLOOKUP($A30,List!$A$1:$B$29,2,FALSE))=FALSE,"",IF(ISNUMBER(D30),VLOOKUP($A30,List!$A$1:$B$29,2,FALSE))) | Q30: =IF(IF(ISNUMBER(E30),VLOOKUP($A30,List!$A$1:$B$29,2,FALSE))=FALSE,"",IF(ISNUMBER(E30),VLOOKUP($A30,List!$A$1:$B$29,2,FALSE))) | R30: =IF(IF(ISNUMBER(F30),VLOOKUP($A30,List!$A$1:$B$29,2,FALSE))=FALSE,"",IF(ISNUMBER(F30),VLOOKUP($A30,List!$A$1:$B$29,2,FALSE))) | S30: =IF(IF(ISNUMBER(G30),VLOOKUP($A30,List!$A$1:$B$29,2,FALSE))=FALSE,"",IF(ISNUMBER(G30),VLOOKUP($A30,List!$A$1:$B$29,2,FALSE))) | T30: =IF(IF(ISNUMBER(H30),VLOOKUP($A30,List!$A$1:$B$29,2,FALSE))=FALSE,"",IF(ISNUMBER(H30),VLOOKUP($A30,List!$A$1:$B$29,2,FALSE))) | X30: 17 | Y30: =IF(ISNUMBER(B30),"include","") | Z30: =IF(ISNUMBER(C30),"include","") -> include | AA30: =IF(ISNUMBER(D30),"include","") | AB30: =IF(ISNUMBER(E30),"include","") | AC30: =IF(ISNUMBER(F30),"include","") | AD30: =IF(ISNUMBER(G30),"include","") | AE30: =IF(ISNUMBER(H30),"include","")
A31: 13 | B31: NA | C31: NA | D31: NA | E31: NA | F31: NA | G31: NA | H31: NA | N31: =IF(IF(ISNUMBER(B31),VLOOKUP($A31,List!$A$1:$B$29,2,FALSE))=FALSE,"",IF(ISNUMBER(B31),VLOOKUP($A31,List!$A$1:$B$29,2,FALSE))) | O31: =IF(IF(ISNUMBER(C31),VLOOKUP($A31,List!$A$1:$B$29,2,FALSE))=FALSE,"",IF(ISNUMBER(C31),VLOOKUP($A31,List!$A$1:$B$29,2,FALSE))) | P31: =IF(IF(ISNUMBER(D31),VLOOKUP($A31,List!$A$1:$B$29,2,FALSE))=FALSE,"",IF(ISNUMBER(D31),VLOOKUP($A31,List!$A$1:$B$29,2,FALSE))) | Q31: =IF(IF(ISNUMBER(E31),VLOOKUP($A31,List!$A$1:$B$29,2,FALSE))=FALSE,"",IF(ISNUMBER(E31),VLOOKUP($A31,List!$A$1:$B$29,2,FALSE))) | R31: =IF(IF(ISNUMBER(F31),VLOOKUP($A31,List!$A$1:$B$29,2,FALSE))=FALSE,"",IF(ISNUMBER(F31),VLOOKUP($A31,List!$A$1:$B$29,2,FALSE))) | S31: =IF(IF(ISNUMBER(G31),VLOOKUP($A31,List!$A$1:$B$29,2,FALSE))=FALSE,"",IF(ISNUMBER(G31),VLOOKUP($A31,List!$A$1:$B$29,2,FALSE))) | T31: =IF(IF(ISNUMBER(H31),VLOOKUP($A31,List!$A$1:$B$29,2,FALSE))=FALSE,"",IF(ISNUMBER(H31),VLOOKUP($A31,List!$A$1:$B$29,2,FALSE))) | X31: 13 | Y31: =IF(ISNUMBER(B31),"include","") | Z31: =IF(ISNUMBER(C31),"include","") | AA31: include | AB31: =IF(ISNUMBER(E31),"include","") | AC31: =IF(ISNUMBER(F31),"include","") | AD31: =IF(ISNUMBER(G31),"include","") | AE31: =IF(ISNUMBER(H31),"include","")
N32: c(22,10,28,5,9,11,2)
A33: Cluster | N33: 22 | O33: 10 | P33: 28 | Q33: 5 | R33: 9 | S33: 11 | T33: 2
A34: QUESTION | B34: Comp.1 | C34: Comp.2 | D34: Comp.3 | E34: Comp.4 | F34: Comp.5 | G34: Comp.6 | H34: Comp.7 | I34: Comp.8 | J34: Comp.9 | K34: Comp.10 | L34: Comp.11 | M34: Comp.12 | N34: Escaper | O34: Status | P34: Enthusiast / passionate about boats | Q34: Brand importance vs Price conscious | R34: Price conscious | S34: Do you have boat expertize? | T34: Deal hunter | X34: QUESTION | Y34: Escaper | Z34: Enthusiast / passionate about boats | AA34: Status | AB34: Brand consciousness | AC34: Cheapo | AD34: Do you have boat expertize? | AE34: Deal hunter
A35: 21 | B35: 0.78 | C35: NA | D35: NA | E35: NA | F35: NA | G35: NA | H35: NA | N35: =IF(IF(ISNUMBER(B35),VLOOKUP($A35,List!$A$1:$B$29,2,FALSE))=FALSE,"",IF(ISNUMBER(B35),VLOOKUP($A35,List!$A$1:$B$29,2,FALSE))) -> Boating helps me escape from everyday life and relax | O35: =IF(IF(ISNUMBER(C35),VLOOKUP($A35,List!$A$1:$B$29,2,FALSE))=FALSE,"",IF(ISNUMBER(C35),VLOOKUP($A35,List!$A$1:$B$29,2,FALSE))) | P35: =IF(IF(ISNUMBER(D35),VLOOKUP($A35,List!$A$1:$B$29,2,FALSE))=FALSE,"",IF(ISNUMBER(D35),VLOOKUP($A35,List!$A$1:$B$29,2,FALSE))) | Q35: =IF(IF(ISNUMBER(E35),VLOOKUP($A35,List!$A$1:$B$29,2,FALSE))=FALSE,"",IF(ISNUMBER(E35),VLOOKUP($A35,List!$A$1:$B$29,2,FALSE))) | R35: =IF(IF(ISNUMBER(F35),VLOOKUP($A35,List!$A$1:$B$29,2,FALSE))=FALSE,"",IF(ISNUMBER(F35),VLOOKUP($A35,List!$A$1:$B$29,2,FALSE))) | S35: =IF(IF(ISNUMBER(G35),VLOOKUP($A35,List!$A$1:$B$29,2,FALSE))=FALSE,"",IF(ISNUMBER(G35),VLOOKUP($A35,List!$A$1:$B$29,2,FALSE))) | T35: =IF(IF(ISNUMBER(H35),VLOOKUP($A35,List!$A$1:$B$29,2,FALSE))=FALSE,"",IF(ISNUMBER(H35),VLOOKUP($A35,List!$A$1:$B$29,2,FALSE))) | X35: 21 | Y35: =IF(ISNUMBER(B35),"include","") -> include | Z35: =IF(ISNUMBER(C35),"include","") | AA35: =IF(ISNUMBER(D35),"include","") | AB35: =IF(ISNUMBER(E35),"include","") | AC35: =IF(ISNUMBER(F35),"include","") | AD35: =IF(ISNUMBER(G35),"include","") | AE35: =IF(ISNUMBER(H35),"include","")
A36: 18 | B36: 0.73 | C36: NA | D36: NA | E36: NA | F36: NA | G36: NA | H36: NA | N36: =IF(IF(ISNUMBER(B36),VLOOKUP($A36,List!$A$1:$B$29,2,FALSE))=FALSE,"",IF(ISNUMBER(B36),VLOOKUP($A36,List!$A$1:$B$29,2,FALSE))) -> Boating gives me a feeling of adventure | O36: =IF(IF(ISNUMBER(C36),VLOOKUP($A36,List!$A$1:$B$29,2,FALSE))=FALSE,"",IF(ISNUMBER(C36),VLOOKUP($A36,List!$A$1:$B$29,2,FALSE))) | P36: =IF(IF(ISNUMBER(D36),VLOOKUP($A36,List!$A$1:$B$29,2,FALSE))=FALSE,"",IF(ISNUMBER(D36),VLOOKUP($A36,List!$A$1:$B$29,2,FALSE))) | Q36: =IF(IF(ISNUMBER(E36),VLOOKUP($A36,List!$A$1:$B$29,2,FALSE))=FALSE,"",IF(ISNUMBER(E36),VLOOKUP($A36,List!$A$1:$B$29,2,FALSE))) | R36: =IF(IF(ISNUMBER(F36),VLOOKUP($A36,List!$A$1:$B$29,2,FALSE))=FALSE,"",IF(ISNUMBER(F36),VLOOKUP($A36,List!$A$1:$B$29,2,FALSE))) | S36: =IF(IF(ISNUMBER(G36),VLOOKUP($A36,List!$A$1:$B$29,2,FALSE))=FALSE,"",IF(ISNUMBER(G36),VLOOKUP($A36,List!$A$1:$B$29,2,FALSE))) | T36: =IF(IF(ISNUMBER(H36),VLOOKUP($A36,List!$A$1:$B$29,2,FALSE))=FALSE,"",IF(ISNUMBER(H36),VLOOKUP($A36,List!$A$1:$B$29,2,FALSE))) | X36: 18 | Y36: =IF(ISNUMBER(B36),"include","") -> include | Z36: =IF(ISNUMBER(C36),"include","") | AA36: =IF(ISNUMBER(D36),"include","") | AB36: =IF(ISNUMBER(E36),"include","") | AC36: =IF(ISNUMBER(F36),"include","") | AD36: =IF(ISNUMBER(G36),"include","") | AE36: =IF(ISNUMBER(H36),"include","")
A37: 19 | B37: 0.7 | C37: NA | D37: NA | E37: NA | F37: NA | G37: NA | H37: NA | N37: =IF(IF(ISNUMBER(B37),VLOOKUP($A37,List!$A$1:$B$29,2,FALSE))=FALSE,"",IF(ISNUMBER(B37),VLOOKUP($A37,List!$A$1:$B$29,2,FALSE))) -> Boating allows me to experience nature | O37: =IF(IF(ISNUMBER(C37),VLOOKUP($A37,List!$A$1:$B$29,2,FALSE))=FALSE,"",IF(ISNUMBER(C37),VLOOKUP($A37,List!$A$1:$B$29,2,FALSE))) | P37: =IF(IF(ISNUMBER(D37),VLOOKUP($A37,List!$A$1:$B$29,2,FALSE))=FALSE,"",IF(ISNUMBER(D37),VLOOKUP($A37,List!$A$1:$B$29,2,FALSE))) | Q37: =IF(IF(ISNUMBER(E37),VLOOKUP($A37,List!$A$1:$B$29,2,FALSE))=FALSE,"",IF(ISNUMBER(E37),VLOOKUP($A37,List!$A$1:$B$29,2,FALSE))) | R37: =IF(IF(ISNUMBER(F37),VLOOKUP($A37,List!$A$1:$B$29,2,FALSE))=FALSE,"",IF(ISNUMBER(F37),VLOOKUP($A37,List!$A$1:$B$29,2,FALSE))) | S37: =IF(IF(ISNUMBER(G37),VLOOKUP($A37,List!$A$1:$B$29,2,FALSE))=FALSE,"",IF(ISNUMBER(G37),VLOOKUP($A37,List!$A$1:$B$29,2,FALSE))) | T37: =IF(IF(ISNUMBER(H37),VLOOKUP($A37,List!$A$1:$B$29,2,FALSE))=FALSE,"",IF(ISNUMBER(H37),VLOOKUP($A37,List!$A$1:$B$29,2,FALSE))) | X37: 19 | Y37: =IF(ISNUMBER(B37),"include","") -> include | Z37: =IF(ISNUMBER(C37),"include","") | AA37: =IF(ISNUMBER(D37),"include","") | AB37: =IF(ISNUMBER(E37),"include","") | AC37: =IF(ISNUMBER(F37),"include","") | AD37: =IF(ISNUMBER(G37),"include","") | AE37: =IF(ISNUMBER(H37),"include","")
A38: 24 | B38: 0.64 | C38: NA | D38: NA | E38: NA | F38: NA | G38: NA | H38: NA | N38: =IF(IF(ISNUMBER(B38),VLOOKUP($A38,List!$A$1:$B$29,2,FALSE))=FALSE,"",IF(ISNUMBER(B38),VLOOKUP($A38,List!$A$1:$B$29,2,FALSE))) -> Boating gives me an outlet to socialize with family/friends | O38: =IF(IF(ISNUMBER(C38),VLOOKUP($A38,List!$A$1:$B$29,2,FALSE))=FALSE,"",IF(ISNUMBER(C38),VLOOKUP($A38,List!$A$1:$B$29,2,FALSE))) | P38: =IF(IF(ISNUMBER(D38),VLOOKUP($A38,List!$A$1:$B$29,2,FALSE))=FALSE,"",IF(ISNUMBER(D38),VLOOKUP($A38,List!$A$1:$B$29,2,FALSE))) | Q38: =IF(IF(ISNUMBER(E38),VLOOKUP($A38,List!$A$1:$B$29,2,FALSE))=FALSE,"",IF(ISNUMBER(E38),VLOOKUP($A38,List!$A$1:$B$29,2,FALSE))) | R38: =IF(IF(ISNUMBER(F38),VLOOKUP($A38,List!$A$1:$B$29,2,FALSE))=FALSE,"",IF(ISNUMBER(F38),VLOOKUP($A38,List!$A$1:$B$29,2,FALSE))) | S38: =IF(IF(ISNUMBER(G38),VLOOKUP($A38,List!$A$1:$B$29,2,FALSE))=FALSE,"",IF(ISNUMBER(G38),VLOOKUP($A38,List!$A$1:$B$29,2,FALSE))) | T38: =IF(IF(ISNUMBER(H38),VLOOKUP($A38,List!$A$1:$B$29,2,FALSE))=FALSE,"",IF(ISNUMBER(H38),VLOOKUP($A38,List!$A$1:$B$29,2,FALSE))) | X38: 24 | Y38: =IF(ISNUMBER(B38),"include","") -> include | Z38: =IF(ISNUMBER(C38),"include","") | AA38: =IF(ISNUMBER(D38),"include","") | AB38: =IF(ISNUMBER(E38),"include","") | AC38: =IF(ISNUMBER(F38),"include","") | AD38: =IF(ISNUMBER(G38),"include","") | AE38: =IF(ISNUMBER(H38),"include","")
A39: 22 | B39: 0.61 | C39: NA | D39: NA | E39: NA | F39: NA | G39: NA | H39: NA | N39: =IF(IF(ISNUMBER(B39),VLOOKUP($A39,List!$A$1:$B$29,2,FALSE))=FALSE,"",IF(ISNUMBER(B39),VLOOKUP($A39,List!$A$1:$B$29,2,FALSE))) -> Boating helps me stay active | O39: =IF(IF(ISNUMBER(C39),VLOOKUP($A39,List!$A$1:$B$29,2,FALSE))=FALSE,"",IF(ISNUMBER(C39),VLOOKUP($A39,List!$A$1:$B$29,2,FALSE))) | P39: =IF(IF(ISNUMBER(D39),VLOOKUP($A39,List!$A$1:$B$29,2,FALSE))=FALSE,"",IF(ISNUMBER(D39),VLOOKUP($A39,List!$A$1:$B$29,2,FALSE))) | Q39: =IF(IF(ISNUMBER(E39),VLOOKUP($A39,List!$A$1:$B$29,2,FALSE))=FALSE,"",IF(ISNUMBER(E39),VLOOKUP($A39,List!$A$1:$B$29,2,FALSE))) | R39: =IF(IF(ISNUMBER(F39),VLOOKUP($A39,List!$A$1:$B$29,2,FALSE))=FALSE,"",IF(ISNUMBER(F39),VLOOKUP($A39,List!$A$1:$B$29,2,FALSE))) | S39: =IF(IF(ISNUMBER(G39),VLOOKUP($A39,List!$A$1:$B$29,2,FALSE))=FALSE,"",IF(ISNUMBER(G39),VLOOKUP($A39,List!$A$1:$B$29,2,FALSE))) | T39: =IF(IF(ISNUMBER(H39),VLOOKUP($A39,List!$A$1:$B$29,2,FALSE))=FALSE,"",IF(ISNUMBER(H39),VLOOKUP($A39,List!$A$1:$B$29,2,FALSE))) | X39: 6 | Y39: =IF(ISNUMBER(B39),"include","") -> include | Z39: =IF(ISNUMBER(C39),"include","") | AA39: =IF(ISNUMBER(D39),"include","") | AB39: =IF(ISNUMBER(E39),"include","") | AC39: =IF(ISNUMBER(F39),"include","") | AD39: =IF(ISNUMBER(G39),"include","") | AE39: =IF(ISNUMBER(H39),"include","")
A40: 6 | B40: 0.59 | C40: NA | D40: NA | E40: NA | F40: NA | G40: NA | H40: NA | N40: =IF(IF(ISNUMBER(B40),VLOOKUP($A40,List!$A$1:$B$29,2,FALSE))=FALSE,"",IF(ISNUMBER(B40),VLOOKUP($A40,List!$A$1:$B$29,2,FALSE))) -> Owning a boat is a way of rewarding myself for hard work | O40: =IF(IF(ISNUMBER(C40),VLOOKUP($A40,List!$A$1:$B$29,2,FALSE))=FALSE,"",IF(ISNUMBER(C40),VLOOKUP($A40,List!$A$1:$B$29,2,FALSE))) | P40: =IF(IF(ISNUMBER(D40),VLOOKUP($A40,List!$A$1:$B$29,2,FALSE))=FALSE,"",IF(ISNUMBER(D40),VLOOKUP($A40,List!$A$1:$B$29,2,FALSE))) | Q40: =IF(IF(ISNUMBER(E40),VLOOKUP($A40,List!$A$1:$B$29,2,FALSE))=FALSE,"",IF(ISNUMBER(E40),VLOOKUP($A40,List!$A$1:$B$29,2,FALSE))) | R40: =IF(IF(ISNUMBER(F40),VLOOKUP($A40,List!$A$1:$B$29,2,FALSE))=FALSE,"",IF(ISNUMBER(F40),VLOOKUP($A40,List!$A$1:$B$29,2,FALSE))) | S40: =IF(IF(ISNUMBER(G40),VLOOKUP($A40,List!$A$1:$B$29,2,FALSE))=FALSE,"",IF(ISNUMBER(G40),VLOOKUP($A40,List!$A$1:$B$29,2,FALSE))) | T40: =IF(IF(ISNUMBER(H40),VLOOKUP($A40,List!$A$1:$B$29,2,FALSE))=FALSE,"",IF(ISNUMBER(H40),VLOOKUP($A40,List!$A$1:$B$29,2,FALSE))) | X40: 22 | Y40: =IF(ISNUMBER(B40),"include","") -> include | Z40: =IF(ISNUMBER(C40),"include","") | AA40: =IF(ISNUMBER(D40),"include","") | AB40: =IF(ISNUMBER(E40),"include","") | AC40: =IF(ISNUMBER(F40),"include","") | AD40: =IF(ISNUMBER(G40),"include","") | AE40: =IF(ISNUMBER(H40),"include","")
